id,first_name,last_name,email,gender,car_make,car_model,country
1,Tiff,Rosle,trosle0@mozilla.org,Female,Chevrolet,Express 2500,Belgium
2,Caddric,Rumney,crumney1@cyberchimps.com,Female,Acura,TL,Belgium
3,Jonie,Pleavin,jpleavin2@vk.com,Genderqueer,Mitsubishi,Chariot,Belgium
4,Ivett,Horbart,ihorbart3@ow.ly,Male,Buick,Skyhawk,Belgium
5,Teador,Copnell,tcopnell4@twitter.com,Genderfluid,Ford,E250,Germany
6,Pamela,McCarty,pmccarty5@si.edu,Polygender,Volvo,XC70,Spain
7,Allegra,Guppy,aguppy6@hud.gov,Male,Chrysler,Imperial,Germany
8,Emmey,Thumann,ethumann7@miibeian.gov.cn,Non-binary,Eagle,Vision,Germany
9,Rex,Fitzsimmons,rfitzsimmons8@senate.gov,Polygender,Audi,A4,Spain
10,Virginia,Heinreich,vheinreich9@irs.gov,Genderqueer,Ford,F150,Spain
11,Lucila,Carbery,lcarberya@godaddy.com,Genderqueer,Mercedes-Benz,W201,Germany
12,Locke,Tume,ltumeb@spotify.com,Agender,Volkswagen,Jetta,Germany
13,Neal,Heimann,nheimannc@scribd.com,Genderfluid,GMC,Savana 3500,Spain
14,Merrilee,Ashbe,mashbed@salon.com,Bigender,Audi,200,Germany
15,Parker,Grolmann,pgrolmanne@nhs.uk,Agender,Mercedes-Benz,C-Class,Germany
16,Maurise,Attrill,mattrillf@mayoclinic.com,Genderfluid,Nissan,Pathfinder,Spain
17,Minetta,Binding,mbindingg@cnn.com,Bigender,Buick,Riviera,Spain
18,Kendrick,Adshed,kadshedh@wikimedia.org,Polygender,Maserati,GranSport,Germany
19,Verney,Busher,vbusheri@tripadvisor.com,Genderqueer,Dodge,Dakota Club,Germany
20,Emelen,Jzhakov,ejzhakovj@edublogs.org,Male,Chevrolet,S10,Spain
21,Keelby,Whisson,kwhissonk@hatena.ne.jp,Male,Suzuki,Esteem,Germany
22,Alon,Kelbie,akelbiel@jugem.jp,Bigender,Dodge,Durango,Spain
23,Kylynn,Stockow,kstockowm@ucoz.ru,Agender,Lexus,SC,Germany
24,Ashlee,Molineaux,amolineauxn@prweb.com,Genderfluid,Bentley,Continental,Germany
25,Caz,McGahy,cmcgahyo@feedburner.com,Genderqueer,Subaru,Legacy,Spain
26,Lillis,Krahl,lkrahlp@fda.gov,Male,Volkswagen,Jetta,Belgium
27,Homerus,MacCarroll,hmaccarrollq@cbsnews.com,Agender,MINI,Cooper Clubman,Germany
28,Elga,Readett,ereadettr@shareasale.com,Bigender,Dodge,Ram 3500,Spain
29,Randal,Lippiett,rlippietts@google.nl,Genderfluid,Lincoln,Navigator,Germany
30,Layne,Giacomo,lgiacomot@w3.org,Bigender,Lamborghini,Gallardo,Spain
31,Howie,Ringe,hringeu@gravatar.com,Female,Dodge,Challenger,Spain
32,Adan,Newson,anewsonv@imageshack.us,Genderfluid,Suzuki,Grand Vitara,Belgium
33,Claudius,Tissier,ctissierw@pinterest.com,Polygender,Saab,9000,Spain
34,Franky,Cubbon,fcubbonx@over-blog.com,Agender,GMC,Vandura 2500,Spain
35,Haley,Bratcher,hbratchery@whitehouse.gov,Female,Mercedes-Benz,R-Class,Germany
36,Rutger,Lawson,rlawsonz@myspace.com,Genderqueer,Scion,xB,Germany
37,Pren,Kornas,pkornas10@skyrock.com,Female,GMC,1500,Spain
38,Jonathan,Mould,jmould11@state.tx.us,Agender,Mitsubishi,Pajero,Spain
39,Marlon,Norris,mnorris12@earthlink.net,Polygender,Audi,S5,Germany
40,Tanney,Serjeant,tserjeant13@addtoany.com,Bigender,Dodge,Intrepid,Germany
41,Barbey,Ryal,bryal14@twitter.com,Polygender,Chevrolet,TrailBlazer,Spain
42,Marlie,Gersam,mgersam15@unesco.org,Polygender,Lincoln,Town Car,Germany
43,Jordanna,Elward,jelward16@technorati.com,Bigender,Cadillac,XLR-V,Germany
44,Amos,Spini,aspini17@csmonitor.com,Genderfluid,Acura,NSX,Germany
45,Marsha,McElvogue,mmcelvogue18@nhs.uk,Female,Jeep,Wrangler,Germany
46,Lidia,Pittman,lpittman19@dyndns.org,Non-binary,Mazda,MPV,Spain
47,Leland,Halms,lhalms1a@i2i.jp,Male,Nissan,Maxima,Germany
48,Kaspar,Dwine,kdwine1b@webeden.co.uk,Genderfluid,Jeep,Wrangler,Spain
49,Pascal,Quince,pquince1c@loc.gov,Male,Ford,Crown Victoria,Germany
50,Romola,Larmet,rlarmet1d@icq.com,Genderqueer,Maybach,57,Spain
51,Letisha,McAuslene,lmcauslene1e@trellian.com,Polygender,Hummer,H1,Spain
52,Gae,Pates,gpates1f@nasa.gov,Bigender,Nissan,Versa,Spain
53,Lazaro,Tarborn,ltarborn1g@github.io,Agender,Toyota,Tundra,Belgium
54,Jorgan,Cromb,jcromb1h@techcrunch.com,Bigender,Ford,Five Hundred,Germany
55,Freedman,Harpin,fharpin1i@ox.ac.uk,Genderqueer,Buick,Lucerne,Germany
56,Debee,Westmorland,dwestmorland1j@upenn.edu,Polygender,Ford,Escape,Spain
57,Alejandrina,Gallier,agallier1k@scientificamerican.com,Genderqueer,Lincoln,Mark LT,Germany
58,Forrester,Griggs,fgriggs1l@ucsd.edu,Non-binary,Chevrolet,Sportvan G20,Germany
59,Davide,Dare,ddare1m@cdbaby.com,Male,Mazda,RX-7,Germany
60,Etienne,Points,epoints1n@multiply.com,Genderqueer,Toyota,Yaris,Germany
61,Mace,Mandel,mmandel1o@virginia.edu,Polygender,Pontiac,Gemini,Germany
62,Denney,Lunnon,dlunnon1p@weebly.com,Bigender,Acura,TL,Spain
63,Hedwig,Plessing,hplessing1q@infoseek.co.jp,Female,GMC,Sierra,Germany
64,Bard,Dearnaley,bdearnaley1r@weibo.com,Male,Ford,Expedition,Spain
65,Magdaia,Cloke,mcloke1s@pinterest.com,Genderfluid,BMW,5 Series,Spain
66,Xylia,Grzesiak,xgrzesiak1t@nasa.gov,Non-binary,Lincoln,Continental,Spain
67,Alicea,Perceval,aperceval1u@liveinternet.ru,Non-binary,Mitsubishi,Mirage,Germany
68,Josee,Jeannesson,jjeannesson1v@dailymail.co.uk,Genderqueer,Honda,Passport,Germany
69,Penni,Bahl,pbahl1w@reuters.com,Genderfluid,BMW,5 Series,Spain
70,Hillier,Moorrud,hmoorrud1x@si.edu,Agender,Ford,Edge,Belgium
71,Sadella,Baden,sbaden1y@buzzfeed.com,Male,Chevrolet,Cavalier,Spain
72,Denis,Munden,dmunden1z@t.co,Female,Suzuki,Daewoo Lacetti,Germany
73,Daniella,Orpin,dorpin20@weather.com,Genderqueer,Ford,Econoline E250,Germany
74,Charleen,Thamelt,cthamelt21@cargocollective.com,Polygender,Honda,Ridgeline,Germany
75,Cristen,Martinat,cmartinat22@ow.ly,Polygender,Pontiac,Sunfire,Spain
76,Genevieve,Loveland,gloveland23@nydailynews.com,Agender,Honda,Civic,Germany
77,Anastasia,Mac Giolla Pheadair,amacgiollapheadair24@deviantart.com,Genderqueer,Porsche,Boxster,Spain
78,Renie,Puttrell,rputtrell25@about.me,Female,Mitsubishi,Mighty Max,Belgium
79,Chelsae,Smitton,csmitton26@sciencedaily.com,Bigender,GMC,Yukon XL 1500,Spain
80,Chane,Chatres,cchatres27@lycos.com,Genderqueer,Chevrolet,Silverado 1500,Germany
81,Godiva,Corneille,gcorneille28@oaic.gov.au,Genderqueer,Toyota,T100 Xtra,Spain
82,Beverlie,Martinec,bmartinec29@answers.com,Genderqueer,Porsche,928,Spain
83,Leonanie,Boswood,lboswood2a@biglobe.ne.jp,Female,Buick,Roadmaster,Spain
84,Elvis,MacIlory,emacilory2b@xinhuanet.com,Agender,Ford,Escape,Germany
85,Giffy,Blackham,gblackham2c@springer.com,Non-binary,Chevrolet,Blazer,Germany
86,Darcey,Wintersgill,dwintersgill2d@oracle.com,Non-binary,Nissan,Versa,Germany
87,Garvin,Rushman,grushman2e@vkontakte.ru,Female,GMC,Savana 1500,Germany
88,Daphene,Leathwood,dleathwood2f@ed.gov,Non-binary,Audi,A8,Germany
89,Priscella,Reese,preese2g@china.com.cn,Male,GMC,Safari,Germany
90,Barry,Raspin,braspin2h@amazon.de,Agender,Land Rover,Range Rover,Germany
91,Marylinda,Orta,morta2i@baidu.com,Agender,Ford,E350,Germany
92,Idell,Wildash,iwildash2j@comsenz.com,Genderqueer,Cadillac,CTS-V,Germany
93,Annabela,Huckstepp,ahuckstepp2k@fc2.com,Bigender,Isuzu,VehiCROSS,Germany
94,Enid,Bindin,ebindin2l@yahoo.com,Agender,Buick,Regal,Spain
95,Goober,Blaszczak,gblaszczak2m@msu.edu,Male,Volvo,XC70,Germany
96,Booth,Pembry,bpembry2n@amazonaws.com,Female,Ford,Ranger,Spain
97,West,Meugens,wmeugens2o@nih.gov,Polygender,Mercury,Milan,Spain
98,Christoph,Swyer-Sexey,cswyersexey2p@smugmug.com,Polygender,Mitsubishi,Tredia,Germany
99,Jeanna,Trimmill,jtrimmill2q@mtv.com,Female,GMC,Suburban 2500,Spain
100,Bennie,Lawtey,blawtey2r@hp.com,Non-binary,Toyota,Sequoia,Germany
101,Bobby,Farress,bfarress2s@census.gov,Female,Nissan,Maxima,Germany
102,Rance,Fanton,rfanton2t@com.com,Male,Buick,Electra,Spain
103,Felipa,MacCallister,fmaccallister2u@biblegateway.com,Polygender,GMC,Sierra 2500,Germany
104,Cassandra,Twitchings,ctwitchings2v@rediff.com,Female,BMW,760,Germany
105,Ivett,Costy,icosty2w@apache.org,Agender,Mazda,Millenia,Belgium
106,Basilius,Baudy,bbaudy2x@smugmug.com,Genderfluid,Buick,Century,Germany
107,Bette,Spragge,bspragge2y@gmpg.org,Male,Mazda,MX-6,Germany
108,Abran,Minto,aminto2z@wired.com,Agender,Chevrolet,Express 1500,Spain
109,Feodor,Deeks,fdeeks30@canalblog.com,Genderfluid,Lexus,ES,Germany
110,Appolonia,Radmer,aradmer31@ocn.ne.jp,Bigender,Hyundai,XG350,Germany
111,Floria,Bawles,fbawles32@jigsy.com,Female,BMW,6 Series,Spain
112,Tris,Brosi,tbrosi33@latimes.com,Non-binary,Mazda,CX-9,Germany
113,Ty,Winchcombe,twinchcombe34@cargocollective.com,Female,Pontiac,Grand Prix,Belgium
114,Adelind,Marti,amarti35@youku.com,Male,Hummer,H2 SUT,Spain
115,Vicki,Fedorchenko,vfedorchenko36@patch.com,Non-binary,GMC,Sierra 2500,Spain
116,Bartram,Tyler,btyler37@harvard.edu,Male,Mitsubishi,Chariot,Spain
117,Kerri,Roll,kroll38@patch.com,Female,Toyota,Tundra,Spain
118,Mirabelle,Collingridge,mcollingridge39@spiegel.de,Non-binary,Hyundai,Sonata,Germany
119,Sharl,Sketcher,ssketcher3a@ted.com,Non-binary,GMC,Savana 1500,Spain
120,Jory,Manis,jmanis3b@diigo.com,Genderfluid,Land Rover,Range Rover,Germany
121,Andrew,Thomasson,athomasson3c@timesonline.co.uk,Bigender,Mercury,Villager,Spain
122,Antons,Peschet,apeschet3d@howstuffworks.com,Polygender,Volkswagen,GTI,Germany
123,Carolyne,Giabuzzi,cgiabuzzi3e@state.gov,Genderfluid,Chevrolet,Camaro,Spain
124,Fredrick,Jardine,fjardine3f@issuu.com,Bigender,GMC,Rally Wagon G2500,Spain
125,Buck,Di Maria,bdimaria3g@booking.com,Polygender,Honda,S2000,Germany
126,Welsh,Ingrem,wingrem3h@omniture.com,Non-binary,Chevrolet,S10,Spain
127,Glynnis,Vuittet,gvuittet3i@behance.net,Polygender,GMC,Jimmy,Belgium
128,Orel,Rogger,orogger3j@seesaa.net,Polygender,Acura,RDX,Spain
129,Rosa,Emberson,remberson3k@bloomberg.com,Male,Subaru,Brat,Spain
130,Antons,Durtnell,adurtnell3l@people.com.cn,Polygender,Mitsubishi,Diamante,Spain
131,Leora,Dreghorn,ldreghorn3m@1und1.de,Bigender,Mercury,Lynx,Spain
132,Mariele,Mugridge,mmugridge3n@economist.com,Agender,Jeep,Commander,Germany
133,Haroun,Passo,hpasso3o@nbcnews.com,Non-binary,Pontiac,Firefly,Germany
134,Bernardo,Bohlsen,bbohlsen3p@ihg.com,Polygender,Audi,4000s,Germany
135,Marcelo,Swainger,mswainger3q@taobao.com,Male,Mazda,B2600,Germany
136,Lurlene,Heinle,lheinle3r@amazon.co.uk,Agender,Buick,Electra,Germany
137,Shirleen,Shildrake,sshildrake3s@bluehost.com,Genderfluid,Alfa Romeo,164,Belgium
138,Veda,Egdal,vegdal3t@sina.com.cn,Genderfluid,Rolls-Royce,Phantom,Germany
139,Marjorie,Kinnerley,mkinnerley3u@macromedia.com,Bigender,Subaru,Impreza,Spain
140,Kimble,Pinnick,kpinnick3v@netvibes.com,Genderqueer,Chevrolet,Colorado,Germany
141,Dusty,Mc Grath,dmcgrath3w@amazonaws.com,Non-binary,Hummer,H1,Germany
142,Tudor,Astell,tastell3x@upenn.edu,Female,Ford,F350,Spain
143,Aridatha,McRitchie,amcritchie3y@icq.com,Bigender,Chevrolet,Express 3500,Spain
144,Estrella,Woollacott,ewoollacott3z@geocities.jp,Female,Hyundai,XG350,Germany
145,Filide,Le Estut,fleestut40@scribd.com,Bigender,Ford,E-Series,Spain
146,Luz,Spiaggia,lspiaggia41@cyberchimps.com,Genderfluid,Chevrolet,Express 1500,Spain
147,Emelita,Gilberthorpe,egilberthorpe42@fc2.com,Genderqueer,GMC,3500,Spain
148,Roana,Hurley,rhurley43@amazon.com,Male,Hyundai,Accent,Spain
149,Clea,Kybbye,ckybbye44@histats.com,Non-binary,Chevrolet,Caprice,Germany
150,Beau,Kowal,bkowal45@uiuc.edu,Genderfluid,Chevrolet,Silverado 1500,Spain
151,Norbert,Broadwood,nbroadwood46@samsung.com,Polygender,Jaguar,S-Type,Spain
152,Crichton,Buten,cbuten47@slashdot.org,Agender,Mercedes-Benz,SLK-Class,Spain
153,Candice,McCard,cmccard48@goodreads.com,Male,Chrysler,PT Cruiser,Spain
154,Zsazsa,Erington,zerington49@google.com.au,Non-binary,Ford,Explorer,Germany
155,Desirae,Drinan,ddrinan4a@elegantthemes.com,Polygender,Chevrolet,Tahoe,Germany
156,Zacharia,Zanicchi,zzanicchi4b@xrea.com,Female,Volkswagen,GTI,Germany
157,Lusa,Arderne,larderne4c@histats.com,Female,Land Rover,Range Rover,Germany
158,Nikaniki,Slaughter,nslaughter4d@cbsnews.com,Bigender,Lamborghini,Countach,Germany
159,Gwenny,Marland,gmarland4e@ox.ac.uk,Female,Chevrolet,Blazer,Germany
160,Kent,Dyson,kdyson4f@cornell.edu,Male,Ford,Ranger,Spain
161,Orsola,Scatchard,oscatchard4g@stumbleupon.com,Genderqueer,Jaguar,XK Series,Germany
162,Colas,Swyer,cswyer4h@biblegateway.com,Genderqueer,Pontiac,GTO,Germany
163,Juan,O'Gready,jogready4i@ihg.com,Bigender,Nissan,Frontier,Belgium
164,Ofelia,Striker,ostriker4j@squarespace.com,Female,Pontiac,1000,Germany
165,Ivie,Pelerin,ipelerin4k@wired.com,Genderfluid,Mazda,MPV,Germany
166,Aaren,Bertouloume,abertouloume4l@sphinn.com,Female,Hyundai,Sonata,Spain
167,Tate,Morcombe,tmorcombe4m@ed.gov,Bigender,Hyundai,Sonata,Spain
168,Jacquelynn,Starford,jstarford4n@wikispaces.com,Genderqueer,Hyundai,Sonata,Belgium
169,Alejoa,Drinkwater,adrinkwater4o@xing.com,Female,Pontiac,Vibe,Spain
170,Joleen,Avramow,javramow4p@godaddy.com,Genderqueer,Smart,Fortwo,Spain
171,Waylin,Lambell,wlambell4q@skype.com,Female,Audi,S4,Germany
172,Petra,Davydoch,pdavydoch4r@gmpg.org,Female,Mercedes-Benz,SL-Class,Germany
173,Ingram,Rennels,irennels4s@phoca.cz,Non-binary,Ford,Econoline E150,Germany
174,Harmon,Bannester,hbannester4t@hp.com,Polygender,Nissan,Pathfinder,Germany
175,Pietrek,Twitty,ptwitty4u@angelfire.com,Polygender,Jaguar,XJ Series,Spain
176,Leigh,Van Der Weedenburg,lvanderweedenburg4v@admin.ch,Genderqueer,Chrysler,Imperial,Spain
177,Cammy,Creavin,ccreavin4w@ca.gov,Genderqueer,Mazda,929,Spain
178,Yolane,Skells,yskells4x@over-blog.com,Polygender,Infiniti,QX56,Germany
179,Skipp,Farreil,sfarreil4y@senate.gov,Non-binary,Honda,Accord,Germany
180,Nancey,Wickins,nwickins4z@github.io,Genderfluid,Corbin,Sparrow,Germany
181,Emmett,Kelledy,ekelledy50@hibu.com,Polygender,GMC,Savana 1500,Germany
182,Krystle,Camerati,kcamerati51@1und1.de,Genderqueer,Infiniti,FX,Germany
183,Carmela,Levitt,clevitt52@histats.com,Genderqueer,Buick,Lucerne,Spain
184,Bibbye,Narramor,bnarramor53@4shared.com,Bigender,Chevrolet,Express 2500,Germany
185,Blakeley,Maybury,bmaybury54@washingtonpost.com,Bigender,Maserati,GranTurismo,Spain
186,Marylin,Dottridge,mdottridge55@vimeo.com,Genderqueer,GMC,Sierra,Germany
187,Gratia,Spawforth,gspawforth56@intel.com,Male,Cadillac,STS,Germany
188,Tommy,Hissett,thissett57@godaddy.com,Non-binary,GMC,Yukon XL 2500,Germany
189,Owen,Filipczak,ofilipczak58@cnet.com,Genderqueer,Saturn,Relay,Spain
190,Earlie,Le Breton,elebreton59@studiopress.com,Female,Ford,Bronco II,Spain
191,Shannon,Ollander,sollander5a@rambler.ru,Genderfluid,Toyota,Prius Plug-in,Spain
192,Arnie,Sandiland,asandiland5b@lycos.com,Non-binary,Ford,Explorer,Germany
193,Tuckie,Halbeard,thalbeard5c@noaa.gov,Female,Volkswagen,Quantum,Germany
194,Dyann,Cutting,dcutting5d@infoseek.co.jp,Male,Oldsmobile,Alero,Germany
195,Isidore,Arnolds,iarnolds5e@istockphoto.com,Polygender,Audi,S6,Spain
196,Valery,Hearons,vhearons5f@dagondesign.com,Female,Subaru,Impreza,Spain
197,Emogene,Blackaller,eblackaller5g@parallels.com,Genderqueer,GMC,Yukon XL 1500,Germany
198,Yves,Whiteside,ywhiteside5h@mozilla.org,Non-binary,Buick,Century,Germany
199,Saundra,Knight,sknight5i@g.co,Genderfluid,BMW,M3,Spain
200,Mahmud,Kermott,mkermott5j@mlb.com,Non-binary,Ford,F-Series,Germany
201,Cal,Fenby,cfenby5k@slashdot.org,Bigender,Kia,Rondo,Germany
202,Damara,Jouanny,djouanny5l@typepad.com,Polygender,Ford,GT500,Germany
203,Vale,Speek,vspeek5m@histats.com,Agender,Pontiac,Grand Prix,Belgium
204,Philly,Foli,pfoli5n@addthis.com,Female,Chevrolet,Suburban 2500,Spain
205,Marj,Grcic,mgrcic5o@upenn.edu,Genderqueer,Ford,E250,Germany
206,Margaux,Semrad,msemrad5p@cornell.edu,Bigender,Land Rover,Discovery Series II,Spain
207,Lola,Gryglewski,lgryglewski5q@flavors.me,Genderqueer,Isuzu,Rodeo,Germany
208,Nickolas,Eslinger,neslinger5r@ezinearticles.com,Non-binary,Nissan,Armada,Spain
209,Alika,Kastel,akastel5s@businessinsider.com,Female,Nissan,Altima,Belgium
210,Anatola,Yerrall,ayerrall5t@devhub.com,Genderfluid,Oldsmobile,Silhouette,Germany
211,Ian,Cristofvao,icristofvao5u@reverbnation.com,Bigender,Dodge,Ram 1500 Club,Germany
212,Mayne,Romney,mromney5v@newsvine.com,Bigender,Mercedes-Benz,CLK-Class,Spain
213,Judie,Dullard,jdullard5w@oaic.gov.au,Genderqueer,Mercury,Mariner,Germany
214,Mateo,O' Dooley,modooley5x@alibaba.com,Agender,GMC,Yukon XL 1500,Germany
215,Poppy,Durran,pdurran5y@msn.com,Genderfluid,Mercedes-Benz,SL-Class,Germany
216,Jarrett,Antyukhin,jantyukhin5z@github.io,Female,Toyota,4Runner,Spain
217,Maximilien,Brizell,mbrizell60@sakura.ne.jp,Male,Honda,Element,Belgium
218,Sylvan,Coveley,scoveley61@ucoz.ru,Bigender,Chrysler,300,Spain
219,Land,Foston,lfoston62@behance.net,Male,Volkswagen,Jetta,Belgium
220,Layney,Norley,lnorley63@photobucket.com,Bigender,Acura,RDX,Germany
221,Tome,Plum,tplum64@clickbank.net,Polygender,Hyundai,Elantra,Germany
222,Becky,Craiker,bcraiker65@godaddy.com,Genderqueer,Infiniti,G,Spain
223,Richardo,Brandes,rbrandes66@stumbleupon.com,Male,Porsche,Boxster,Germany
224,Tam,Kingswood,tkingswood67@technorati.com,Bigender,Hyundai,Elantra,Spain
225,Olenolin,Felderer,ofelderer68@tumblr.com,Genderfluid,Acura,NSX,Germany
226,Grace,Peploe,gpeploe69@mac.com,Male,Ford,Model T,Spain
227,Earl,Milmith,emilmith6a@yellowpages.com,Agender,Toyota,Yaris,Germany
228,Arnuad,Tant,atant6b@flickr.com,Genderfluid,Pontiac,Grand Prix,Spain
229,Keenan,De Angelis,kdeangelis6c@barnesandnoble.com,Polygender,Toyota,Solara,Germany
230,Ware,Eyckelbeck,weyckelbeck6d@washingtonpost.com,Bigender,Honda,Odyssey,Germany
231,Meyer,Truggian,mtruggian6e@artisteer.com,Bigender,Mercury,Monterey,Germany
232,Remus,Pollins,rpollins6f@wikispaces.com,Genderqueer,GMC,Sonoma Club Coupe,Germany
233,Deb,Betts,dbetts6g@archive.org,Polygender,Honda,Pilot,Spain
234,Blaine,Derwin,bderwin6h@joomla.org,Genderfluid,Chevrolet,Camaro,Germany
235,Ranique,Waind,rwaind6i@tiny.cc,Agender,Honda,Odyssey,Germany
236,Franni,Jessup,fjessup6j@reddit.com,Genderfluid,Audi,S4,Spain
237,Idelle,Croxall,icroxall6k@phoca.cz,Non-binary,Audi,RS4,Germany
238,Kristen,Scatcher,kscatcher6l@dailymail.co.uk,Genderfluid,Mitsubishi,Raider,Germany
239,Olwen,Klus,oklus6m@oracle.com,Genderfluid,Mazda,Protege,Spain
240,Zarla,Korf,zkorf6n@wikipedia.org,Non-binary,Dodge,Ram Wagon B350,Germany
241,Maisey,Victoria,mvictoria6o@ftc.gov,Polygender,Chrysler,300M,Germany
242,Lennie,Troop,ltroop6p@columbia.edu,Agender,Chevrolet,Express 1500,Spain
243,Gillan,Bikker,gbikker6q@canalblog.com,Genderfluid,GMC,Sierra 3500HD,Spain
244,Evangelia,Seviour,eseviour6r@123-reg.co.uk,Agender,Mercury,Grand Marquis,Germany
245,Cherrita,Rain,crain6s@hud.gov,Non-binary,Buick,Regal,Spain
246,Marlow,Brosel,mbrosel6t@cocolog-nifty.com,Female,Jeep,Compass,Spain
247,Cinda,Dohrmann,cdohrmann6u@photobucket.com,Genderfluid,Ford,Mustang,Spain
248,Meryl,Yosifov,myosifov6v@unicef.org,Genderqueer,Chevrolet,Uplander,Germany
249,Sylvan,Couch,scouch6w@jigsy.com,Polygender,BMW,530,Germany
250,Bat,Bage,bbage6x@wordpress.com,Male,Mazda,MPV,Spain
251,Jemie,Vauls,jvauls6y@mail.ru,Bigender,Chevrolet,Camaro,Spain
252,Ermengarde,Foulger,efoulger6z@eventbrite.com,Female,Honda,Element,Spain
253,Karney,Skegg,kskegg70@psu.edu,Genderfluid,Dodge,Ram 2500,Spain
254,Court,Glanz,cglanz71@aol.com,Genderqueer,Subaru,Impreza,Germany
255,Trumaine,Spencer,tspencer72@unc.edu,Genderfluid,Toyota,Highlander,Germany
256,Bryana,Sangar,bsangar73@plala.or.jp,Genderfluid,Jeep,Grand Cherokee,Germany
257,Lottie,Gendricke,lgendricke74@sakura.ne.jp,Female,GMC,Sierra,Germany
258,Talbot,Oleszcuk,toleszcuk75@cam.ac.uk,Female,Land Rover,Discovery,Germany
259,Mackenzie,Ibotson,mibotson76@goo.ne.jp,Genderfluid,Jeep,Cherokee,Spain
260,Corina,Yushachkov,cyushachkov77@phoca.cz,Bigender,Dodge,Ram 1500,Spain
261,Christan,Crotch,ccrotch78@last.fm,Non-binary,Cadillac,Eldorado,Spain
262,Marita,Tomaskov,mtomaskov79@sitemeter.com,Polygender,GMC,Sonoma,Germany
263,Karalee,Shillum,kshillum7a@reuters.com,Female,Lincoln,Town Car,Spain
264,Rena,Kingsland,rkingsland7b@deviantart.com,Genderqueer,Chrysler,Town & Country,Spain
265,Celine,Sherreard,csherreard7c@dailymotion.com,Male,Subaru,Forester,Germany
266,Katya,Vakhlov,kvakhlov7d@addtoany.com,Agender,Plymouth,Neon,Spain
267,Roma,McIlharga,rmcilharga7e@delicious.com,Non-binary,Volvo,V70,Germany
268,Merrel,Windram,mwindram7f@usa.gov,Female,Audi,5000S,Germany
269,Giuditta,Dryburgh,gdryburgh7g@comsenz.com,Polygender,Toyota,MR2,Germany
270,Babbie,Frizell,bfrizell7h@eepurl.com,Female,Chevrolet,G-Series G30,Spain
271,Agneta,Ateridge,aateridge7i@nationalgeographic.com,Agender,Chevrolet,Silverado 3500HD,Germany
272,Allyson,Tithacott,atithacott7j@yellowbook.com,Female,Nissan,Altima,Spain
273,Allyson,Morman,amorman7k@sfgate.com,Female,Audi,A8,Germany
274,Gianni,Utteridge,gutteridge7l@shutterfly.com,Bigender,Mercedes-Benz,500SEL,Germany
275,Norene,Eland,neland7m@yahoo.co.jp,Genderqueer,Aston Martin,V8 Vantage,Spain
276,Birgit,Rust,brust7n@reuters.com,Non-binary,Audi,A4,Germany
277,Olivette,Wescott,owescott7o@telegraph.co.uk,Non-binary,Buick,LeSabre,Spain
278,Shelden,Assante,sassante7p@cpanel.net,Polygender,Mercury,Sable,Spain
279,Linnea,Winstanley,lwinstanley7q@aol.com,Bigender,GMC,Yukon,Spain
280,Rachele,Huish,rhuish7r@washington.edu,Non-binary,Dodge,Ramcharger,Germany
281,Maurise,Tompkin,mtompkin7s@mozilla.com,Bigender,BMW,6 Series,Germany
282,Chrissy,Hurling,churling7t@ebay.com,Male,GMC,Safari,Spain
283,Hervey,Stoppard,hstoppard7u@newsvine.com,Male,Land Rover,Range Rover Sport,Germany
284,Lexie,Grayshon,lgrayshon7v@prnewswire.com,Agender,Volkswagen,Touareg,Spain
285,Winnie,Grishechkin,wgrishechkin7w@deviantart.com,Genderfluid,Lincoln,Navigator L,Germany
286,Agna,Edmands,aedmands7x@dyndns.org,Female,Honda,Element,Spain
287,Kettie,Gottschalk,kgottschalk7y@ucla.edu,Bigender,Mercedes-Benz,SL-Class,Spain
288,Cort,Addeycott,caddeycott7z@salon.com,Genderqueer,Mitsubishi,Pajero,Spain
289,My,Cuffley,mcuffley80@feedburner.com,Non-binary,Nissan,Maxima,Spain
290,Barrie,Grangier,bgrangier81@google.co.jp,Non-binary,Subaru,Tribeca,Germany
291,Lorette,Axston,laxston82@wordpress.com,Polygender,Acura,RL,Spain
292,Anni,Nelsey,anelsey83@mail.ru,Agender,Mitsubishi,Precis,Spain
293,Konstance,Rochell,krochell84@sfgate.com,Bigender,Mazda,Tribute,Spain
294,Aveline,Verdon,averdon85@e-recht24.de,Genderfluid,Mitsubishi,Cordia,Spain
295,Jacquetta,Newcom,jnewcom86@example.com,Agender,Plymouth,Voyager,Germany
296,Drona,Holde,dholde87@archive.org,Non-binary,Cadillac,STS,Germany
297,Lark,Hourihane,lhourihane88@elegantthemes.com,Bigender,Mazda,Miata MX-5,Germany
298,Anjanette,Wolfe,awolfe89@nymag.com,Polygender,Dodge,Viper,Spain
299,Jami,Kropach,jkropach8a@homestead.com,Genderqueer,BMW,Z3,Germany
300,Ivor,Yeell,iyeell8b@paypal.com,Male,Chevrolet,2500,Spain
301,Isidore,Harvison,iharvison8c@ibm.com,Non-binary,Chevrolet,Avalanche 1500,Germany
302,Dorotea,Thackwray,dthackwray8d@google.pl,Female,Hyundai,Elantra,Germany
303,Crin,Mainz,cmainz8e@bloomberg.com,Genderqueer,Dodge,Colt,Spain
304,Julius,Hullock,jhullock8f@cloudflare.com,Agender,Mercedes-Benz,S-Class,Germany
305,Augusta,Seaborne,aseaborne8g@deliciousdays.com,Female,Chevrolet,Silverado 3500,Germany
306,Juditha,Piele,jpiele8h@nyu.edu,Genderfluid,Ford,F-Series,Germany
307,Konstanze,Gilphillan,kgilphillan8i@google.com.hk,Female,Cadillac,DeVille,Spain
308,Samuel,Stitwell,sstitwell8j@economist.com,Polygender,GMC,Terrain,Spain
309,Beth,Matschoss,bmatschoss8k@blogs.com,Polygender,Lincoln,Mark VIII,Germany
310,Raff,Vertey,rvertey8l@vkontakte.ru,Male,Hummer,H2 SUV,Germany
311,Korry,Hulke,khulke8m@altervista.org,Agender,Mercury,Sable,Spain
312,Chrissy,Huard,chuard8n@etsy.com,Agender,Chevrolet,Silverado 1500,Spain
313,Inger,Fleay,ifleay8o@mozilla.com,Non-binary,Bentley,Mulsanne,Spain
314,Thornton,Hellin,thellin8p@apple.com,Agender,Ford,Festiva,Germany
315,Claude,Lownie,clownie8q@ox.ac.uk,Polygender,Ford,Expedition,Spain
316,Ringo,Crowdson,rcrowdson8r@surveymonkey.com,Agender,Volkswagen,Jetta,Spain
317,Binni,Egginton,begginton8s@google.pl,Male,Pontiac,Grand Prix,Spain
318,Anett,Tagg,atagg8t@parallels.com,Bigender,BMW,X6 M,Spain
319,Tabatha,Ramsbotham,tramsbotham8u@phpbb.com,Agender,Audi,TT,Spain
320,Verina,Vecard,vvecard8v@indiatimes.com,Genderqueer,Chevrolet,Camaro,Germany
321,Abe,Naul,anaul8w@independent.co.uk,Polygender,Volkswagen,Jetta,Germany
322,Locke,Landers,llanders8x@sphinn.com,Male,Mazda,626,Germany
323,Abbe,Hullins,ahullins8y@ustream.tv,Genderqueer,Buick,Estate,Germany
324,Ema,Straker,estraker8z@omniture.com,Genderqueer,Toyota,Corolla,Spain
325,Joye,Sitlington,jsitlington90@4shared.com,Polygender,Kia,Soul,Germany
326,Quent,MacGorman,qmacgorman91@virginia.edu,Male,Nissan,Rogue,Spain
327,Oriana,Pech,opech92@independent.co.uk,Genderqueer,Infiniti,QX,Germany
328,Gregorius,Pellitt,gpellitt93@php.net,Polygender,Isuzu,Trooper,Germany
329,Melvyn,Minear,mminear94@springer.com,Genderfluid,Hyundai,Excel,Spain
330,Pattin,Crauford,pcrauford95@timesonline.co.uk,Male,BMW,525,Belgium
331,Tarra,Shearman,tshearman96@mozilla.org,Genderfluid,Mercury,Cougar,Belgium
332,Annette,Joly,ajoly97@so-net.ne.jp,Male,Chevrolet,Express 2500,Spain
333,Elyn,Penk,epenk98@mediafire.com,Non-binary,Mercedes-Benz,S-Class,Germany
334,Wood,Tures,wtures99@uiuc.edu,Polygender,Hyundai,Santa Fe,Spain
335,Baird,Murrthum,bmurrthum9a@boston.com,Non-binary,Subaru,Loyale,Germany
336,Lynett,Balazin,lbalazin9b@guardian.co.uk,Polygender,Honda,Accord,Spain
337,Alonso,Mary,amary9c@weebly.com,Female,GMC,Jimmy,Spain
338,Joyann,Paschke,jpaschke9d@wufoo.com,Non-binary,Ford,Focus,Spain
339,Gayle,Urlin,gurlin9e@twitter.com,Non-binary,Honda,Civic,Belgium
340,Gilly,Cisec,gcisec9f@home.pl,Genderfluid,Audi,A4,Germany
341,Lorene,Gatlin,lgatlin9g@nasa.gov,Bigender,Porsche,928,Germany
342,Willy,Tyrone,wtyrone9h@ehow.com,Bigender,Buick,LeSabre,Spain
343,Jerrold,Rose,jrose9i@ocn.ne.jp,Genderqueer,Buick,Roadmaster,Spain
344,Lydia,Bolderstone,lbolderstone9j@hubpages.com,Non-binary,Chevrolet,Blazer,Germany
345,Kelci,McIlherran,kmcilherran9k@cornell.edu,Agender,Hyundai,Veracruz,Germany
346,Roseanna,Burston,rburston9l@hexun.com,Genderqueer,Chevrolet,Lumina,Spain
347,Jermaine,Harford,jharford9m@over-blog.com,Agender,Mazda,626,Germany
348,Roseanna,O'Doghesty,rodoghesty9n@artisteer.com,Bigender,Saturn,Sky,Spain
349,Janeen,Kinver,jkinver9o@cpanel.net,Non-binary,Chevrolet,Express 1500,Spain
350,Gayle,Mankor,gmankor9p@elegantthemes.com,Genderqueer,Cadillac,Eldorado,Spain
351,Amabel,Coggeshall,acoggeshall9q@springer.com,Female,Mercedes-Benz,S-Class,Germany
352,Hendrik,Steptowe,hsteptowe9r@google.cn,Female,Ford,Bronco,Germany
353,Jeromy,McMechan,jmcmechan9s@usnews.com,Non-binary,Honda,Odyssey,Germany
354,Orelie,McCarrison,omccarrison9t@altervista.org,Bigender,Ford,Taurus,Germany
355,Marco,Greenleaf,mgreenleaf9u@prlog.org,Polygender,Toyota,Celica,Germany
356,Myrna,Sextie,msextie9v@marketwatch.com,Genderfluid,Lincoln,Continental Mark VII,Spain
357,Hayward,Brokenshaw,hbrokenshaw9w@ca.gov,Agender,Ford,Fusion,Germany
358,Phillis,Antony,pantony9x@nsw.gov.au,Male,Scion,xB,Germany
359,Shirline,Janosevic,sjanosevic9y@mysql.com,Bigender,Ford,F450,Spain
360,Raymond,Garroch,rgarroch9z@ning.com,Non-binary,Chevrolet,Suburban 1500,Germany
361,Bogart,Surgener,bsurgenera0@tamu.edu,Genderqueer,Porsche,Cayman,Spain
362,Jerald,Bontine,jbontinea1@youku.com,Genderqueer,Ford,Fiesta,Spain
363,Giorgia,Bang,gbanga2@tamu.edu,Bigender,Suzuki,Reno,Spain
364,Ware,Kestle,wkestlea3@altervista.org,Genderqueer,Dodge,Viper,Spain
365,Mathilda,Gamwell,mgamwella4@usatoday.com,Female,Volkswagen,Golf,Germany
366,Peyter,Baldrey,pbaldreya5@sohu.com,Agender,Volkswagen,Vanagon,Germany
367,Luciano,Sesons,lsesonsa6@engadget.com,Bigender,Jaguar,S-Type,Spain
368,Donn,Westnage,dwestnagea7@go.com,Polygender,Volvo,960,Spain
369,Fiorenze,Sammon,fsammona8@twitter.com,Polygender,Mercury,Sable,Germany
370,Jeniece,Haizelden,jhaizeldena9@vimeo.com,Bigender,Aston Martin,V12 Vantage,Spain
371,Aubry,L'Homme,alhommeaa@census.gov,Agender,Plymouth,Voyager,Spain
372,Beverly,Leroux,blerouxab@youtube.com,Male,Mitsubishi,Chariot,Belgium
373,Thorn,McBryde,tmcbrydeac@howstuffworks.com,Polygender,Ford,F150,Spain
374,Esteban,Lehrmann,elehrmannad@slashdot.org,Female,Eagle,Vision,Belgium
375,Teador,Pavlenko,tpavlenkoae@huffingtonpost.com,Male,Ford,Ranger,Spain
376,Brittne,Steadman,bsteadmanaf@huffingtonpost.com,Genderqueer,Bentley,Mulsanne,Germany
377,Ebeneser,Flement,eflementag@weather.com,Agender,Cadillac,DeVille,Germany
378,Chas,Di Biasio,cdibiasioah@edublogs.org,Male,Toyota,Celica,Spain
379,Kylie,Moston,kmostonai@theglobeandmail.com,Genderqueer,Chevrolet,Prizm,Spain
380,Joachim,Bowell,jbowellaj@shutterfly.com,Polygender,GMC,Vandura G3500,Germany
381,Lowell,Ogus,logusak@typepad.com,Polygender,Plymouth,Neon,Germany
382,Luigi,Gerrey,lgerreyal@who.int,Genderfluid,Audi,S5,Germany
383,Nanine,Samter,nsamteram@dailymail.co.uk,Bigender,Honda,Civic,Germany
384,Boyd,Scoggan,bscogganan@nymag.com,Non-binary,Volvo,V50,Germany
385,Blondelle,Bogies,bbogiesao@privacy.gov.au,Non-binary,Pontiac,Grand Am,Germany
386,Maure,Charlick,mcharlickap@yolasite.com,Agender,Lincoln,Navigator L,Spain
387,Langsdon,Giabucci,lgiabucciaq@jiathis.com,Male,Infiniti,QX,Spain
388,Kattie,Grandin,kgrandinar@irs.gov,Bigender,Kia,Optima,Spain
389,Caroljean,Ebertz,cebertzas@blogger.com,Bigender,Saturn,VUE,Spain
390,Merrielle,MacLeod,mmacleodat@tamu.edu,Male,Porsche,Cayenne,Spain
391,Cicily,Scraggs,cscraggsau@twitter.com,Male,Volvo,XC60,Spain
392,Stafford,Bigley,sbigleyav@ihg.com,Genderfluid,Pontiac,Grand Am,Germany
393,Kendrick,Barlee,kbarleeaw@zimbio.com,Agender,Ford,F-Series,Germany
394,Ginny,Puleston,gpulestonax@businessinsider.com,Non-binary,GMC,Sonoma Club Coupe,Belgium
395,Maris,Inott,minottay@vk.com,Polygender,Pontiac,GTO,Spain
396,Tedi,Karlmann,tkarlmannaz@github.com,Male,Mazda,MPV,Spain
397,Levin,Mitchely,lmitchelyb0@hubpages.com,Genderqueer,Mazda,Miata MX-5,Germany
398,Isabelita,Soanes,isoanesb1@rakuten.co.jp,Non-binary,Mercury,Marquis,Spain
399,Gaby,Eyton,geytonb2@paypal.com,Female,Lincoln,Mark LT,Belgium
400,Hillery,Brotherton,hbrothertonb3@chronoengine.com,Agender,Mercedes-Benz,SLK55 AMG,Spain
401,Lawton,Stokey,lstokeyb4@state.gov,Female,Buick,Century,Spain
402,Kailey,Wrathall,kwrathallb5@unesco.org,Genderfluid,Kia,Forte,Spain
403,Caralie,Dinan,cdinanb6@mozilla.org,Genderfluid,Honda,Civic,Belgium
404,Pavla,Leuchars,pleucharsb7@toplist.cz,Non-binary,Toyota,TundraMax,Germany
405,Judon,Prentice,jprenticeb8@ocn.ne.jp,Genderqueer,Toyota,4Runner,Spain
406,Sonni,Verick,sverickb9@google.nl,Genderfluid,Saab,9-3,Spain
407,Anjela,Plumley,aplumleyba@comsenz.com,Genderfluid,Honda,Accord,Germany
408,Cyndy,Atkins,catkinsbb@fema.gov,Genderfluid,Audi,riolet,Germany
409,Min,Greggor,mgreggorbc@gravatar.com,Agender,Nissan,Quest,Germany
410,Aggy,Huntall,ahuntallbd@upenn.edu,Agender,Infiniti,QX56,Spain
411,Inga,Old,ioldbe@usa.gov,Genderfluid,BMW,X5,Germany
412,Dalton,Annell,dannellbf@narod.ru,Female,Saab,9-3,Spain
413,Jerome,Loftus,jloftusbg@about.com,Polygender,Honda,Civic,Germany
414,Randal,Holworth,rholworthbh@archive.org,Genderfluid,Mercedes-Benz,CLK-Class,Spain
415,Niki,Hunnybun,nhunnybunbi@earthlink.net,Agender,Buick,Reatta,Germany
416,Kenna,Hagerty,khagertybj@chronoengine.com,Bigender,GMC,Yukon XL 2500,Germany
417,Kirbee,Maxweell,kmaxweellbk@soup.io,Genderqueer,Chevrolet,HHR,Spain
418,Waiter,Raigatt,wraigattbl@army.mil,Non-binary,BMW,M6,Germany
419,Rae,Firmager,rfirmagerbm@mit.edu,Agender,GMC,Savana 2500,Spain
420,Dominick,Prigmore,dprigmorebn@answers.com,Agender,BMW,1 Series,Spain
421,Rani,Llewelly,rllewellybo@simplemachines.org,Bigender,Kia,Soul,Spain
422,Ambrosius,Bangle,abanglebp@indiatimes.com,Male,Ford,Focus,Germany
423,Alika,Granger,agrangerbq@pen.io,Agender,Lexus,SC,Germany
424,Linea,Durrell,ldurrellbr@google.fr,Polygender,Chevrolet,Corvette,Spain
425,Essie,Tomaszewicz,etomaszewiczbs@mozilla.org,Polygender,BMW,Alpina B7,Germany
426,Maximilianus,Hortop,mhortopbt@reddit.com,Female,Pontiac,Grand Prix,Spain
427,Daisie,MacFadin,dmacfadinbu@trellian.com,Non-binary,Cadillac,Escalade ESV,Germany
428,Nonnah,Osbiston,nosbistonbv@cbslocal.com,Male,Toyota,Matrix,Spain
429,Salome,Doerffer,sdoerfferbw@mapy.cz,Agender,Audi,A8,Spain
430,Nickie,Pilkinton,npilkintonbx@psu.edu,Polygender,Mercury,Grand Marquis,Spain
431,Homer,Faull,hfaullby@cmu.edu,Polygender,Mercedes-Benz,SLK-Class,Germany
432,Mead,Wadeson,mwadesonbz@hibu.com,Genderfluid,Mazda,B-Series Plus,Germany
433,Jayme,Shuttle,jshuttlec0@slashdot.org,Genderqueer,Pontiac,GTO,Germany
434,Marcia,Vakhonin,mvakhoninc1@nifty.com,Bigender,Saab,9000,Germany
435,Gerianne,Mann,gmannc2@hibu.com,Genderqueer,Dodge,Ram 2500,Spain
436,Maryjo,Laughlan,mlaughlanc3@parallels.com,Bigender,Nissan,240SX,Spain
437,Nevile,Shimuk,nshimukc4@cnn.com,Female,Isuzu,Oasis,Spain
438,Chantal,Orrice,corricec5@elegantthemes.com,Non-binary,Mitsubishi,Endeavor,Germany
439,Vale,Becerro,vbecerroc6@unicef.org,Female,Volkswagen,Corrado,Germany
440,Celinka,Cabrara,ccabrarac7@netscape.com,Genderqueer,Chevrolet,Suburban 1500,Spain
441,Viviana,Bizzey,vbizzeyc8@gravatar.com,Genderfluid,Audi,5000S,Germany
442,Kingsley,McKeggie,kmckeggiec9@goo.gl,Polygender,Ford,Crown Victoria,Spain
443,Kelsey,Tarren,ktarrenca@biglobe.ne.jp,Agender,Pontiac,6000,Germany
444,Fawne,Crewes,fcrewescb@sakura.ne.jp,Non-binary,Honda,Prelude,Spain
445,Danna,Georgeson,dgeorgesoncc@geocities.com,Bigender,Mitsubishi,Pajero,Germany
446,Eldredge,Olivier,eoliviercd@huffingtonpost.com,Male,Nissan,Altima,Germany
447,Almeria,Gionettitti,agionettittice@freewebs.com,Non-binary,Maserati,228,Spain
448,Carlota,Kelso,ckelsocf@netlog.com,Polygender,Mazda,B-Series Plus,Spain
449,Stanwood,Nockalls,snockallscg@reference.com,Genderqueer,Infiniti,QX,Spain
450,Lay,Shelbourne,lshelbournech@hc360.com,Agender,Mercedes-Benz,S-Class,Spain
451,Dasie,Willans,dwillansci@issuu.com,Male,GMC,Savana Cargo Van,Germany
452,Whit,Wyvill,wwyvillcj@ameblo.jp,Polygender,Jaguar,XF,Spain
453,Enriqueta,Widdup,ewiddupck@cloudflare.com,Bigender,Cadillac,Catera,Spain
454,Blakeley,Hark,bharkcl@bloglines.com,Bigender,Maserati,228,Spain
455,Antonie,Priddle,apriddlecm@google.de,Genderqueer,Mazda,RX-7,Germany
456,Sharai,Cribbin,scribbincn@goo.ne.jp,Agender,Cadillac,DeVille,Spain
457,Magdalena,Macvain,mmacvainco@meetup.com,Male,Mazda,Mazda5,Spain
458,April,Bolwell,abolwellcp@google.com.hk,Bigender,Subaru,Justy,Spain
459,Galvin,Ciabatteri,gciabattericq@google.pl,Male,Ford,F150,Germany
460,Liz,Tumielli,ltumiellicr@cdbaby.com,Non-binary,Lotus,Elise,Germany
461,Kirby,Wallman,kwallmancs@rakuten.co.jp,Male,Mercedes-Benz,400E,Belgium
462,Hinda,Broggelli,hbroggellict@blogspot.com,Genderfluid,Ford,Festiva,Germany
463,Dorene,Blockwell,dblockwellcu@fc2.com,Genderqueer,Chevrolet,Silverado 1500,Spain
464,Erda,Rama,eramacv@wsj.com,Genderfluid,Ford,Thunderbird,Germany
465,Willard,Naul,wnaulcw@mysql.com,Male,Chrysler,Sebring,Spain
466,Charlie,Peskin,cpeskincx@arstechnica.com,Agender,Chrysler,PT Cruiser,Germany
467,Constanta,Enrrico,cenrricocy@mlb.com,Female,Mercury,Topaz,Spain
468,Shina,Hiscocks,shiscockscz@tuttocitta.it,Genderqueer,Suzuki,Daewoo Lacetti,Germany
469,Dulce,Weatherdon,dweatherdond0@nbcnews.com,Non-binary,Infiniti,QX56,Germany
470,Mellisent,Comerford,mcomerfordd1@sohu.com,Non-binary,Dodge,Ram Van 2500,Germany
471,Louise,Szanto,lszantod2@businessweek.com,Non-binary,GMC,Canyon,Spain
472,Janith,Scriviner,jscrivinerd3@shop-pro.jp,Genderfluid,Chevrolet,Monte Carlo,Spain
473,Cherilyn,Gonsalvez,cgonsalvezd4@mashable.com,Bigender,BMW,6 Series,Spain
474,Nealy,Digginson,ndigginsond5@wisc.edu,Genderqueer,Volkswagen,Eos,Germany
475,Wainwright,Bollard,wbollardd6@techcrunch.com,Bigender,Isuzu,Rodeo,Spain
476,Alexis,Pownall,apownalld7@npr.org,Female,Cadillac,Catera,Spain
477,Marita,Aslett,maslettd8@ustream.tv,Genderfluid,Jaguar,XF,Spain
478,Pansie,Spera,psperad9@dyndns.org,Agender,Volkswagen,Jetta III,Germany
479,Earl,Wittman,ewittmanda@google.ru,Bigender,Scion,xB,Spain
480,Devin,Steels,dsteelsdb@samsung.com,Agender,Dodge,Grand Caravan,Germany
481,Oralla,Rivel,oriveldc@imgur.com,Agender,Lincoln,MKT,Spain
482,Nanon,Sycamore,nsycamoredd@vimeo.com,Genderqueer,BMW,6 Series,Spain
483,Kelsey,Miettinen,kmiettinende@yandex.ru,Non-binary,Cadillac,Fleetwood,Germany
484,Aviva,Pierce,apiercedf@icq.com,Female,Dodge,Ram Wagon B150,Germany
485,Florina,Campana,fcampanadg@columbia.edu,Polygender,Cadillac,DeVille,Germany
486,Veronica,Lensch,vlenschdh@topsy.com,Polygender,Chevrolet,Silverado 3500,Germany
487,Lyndsie,Tuke,ltukedi@senate.gov,Genderfluid,Infiniti,M,Spain
488,Fern,Crake,fcrakedj@si.edu,Genderfluid,Ford,Crown Victoria,Spain
489,Juliet,Klempke,jklempkedk@deviantart.com,Male,Saab,9-3,Germany
490,Vasilis,Metcalfe,vmetcalfedl@indiegogo.com,Agender,BMW,645,Germany
491,Dione,Eilers,deilersdm@abc.net.au,Female,Isuzu,i-Series,Spain
492,Norma,Goard,ngoarddn@freewebs.com,Polygender,Volvo,S60,Spain
493,Shae,Swaton,sswatondo@japanpost.jp,Polygender,Volkswagen,Jetta,Spain
494,Whitney,Baudrey,wbaudreydp@cnbc.com,Genderfluid,Rolls-Royce,Phantom,Spain
495,Clementia,Sodeau,csodeaudq@webeden.co.uk,Genderqueer,Land Rover,Range Rover,Germany
496,Jefferey,Dachey,jdacheydr@merriam-webster.com,Female,Volkswagen,Jetta III,Germany
497,Brooke,Baggott,bbaggottds@cbsnews.com,Genderfluid,Mercury,Sable,Germany
498,Abelard,Sissot,asissotdt@rambler.ru,Male,Honda,Accord,Spain
499,Deonne,Brookton,dbrooktondu@independent.co.uk,Agender,Dodge,Charger,Germany
500,Sully,Kidner,skidnerdv@51.la,Polygender,Pontiac,Grand Prix,Spain
501,Alvie,Elman,aelmandw@sogou.com,Genderqueer,Ford,F250,Germany
502,Lew,Betton,lbettondx@friendfeed.com,Polygender,Volvo,S60,Germany
503,Kariotta,Wallas,kwallasdy@oaic.gov.au,Genderfluid,Cadillac,Escalade EXT,Spain
504,Noelle,Tosney,ntosneydz@home.pl,Female,Acura,RL,Germany
505,Myer,Draco,mdracoe0@blogs.com,Agender,Mercedes-Benz,SL-Class,Germany
506,Russell,Knevett,rknevette1@webeden.co.uk,Polygender,Kia,Sephia,Germany
507,Darcy,Shankland,dshanklande2@vkontakte.ru,Agender,Toyota,4Runner,Germany
508,Celia,Gouldthorp,cgouldthorpe3@hexun.com,Agender,Mercedes-Benz,500E,Spain
509,Angelique,Alldred,aalldrede4@amazon.de,Polygender,Saab,9000,Spain
510,Brigida,Keoghan,bkeoghane5@prnewswire.com,Male,Ford,Econoline E150,Belgium
511,Lynnett,Musson,lmussone6@ca.gov,Male,Mitsubishi,Pajero,Spain
512,Rossy,Vauls,rvaulse7@spiegel.de,Genderqueer,Nissan,Pathfinder,Spain
513,Oswell,Temperley,otemperleye8@harvard.edu,Non-binary,Audi,A6,Germany
514,Mordecai,Slinn,mslinne9@ted.com,Genderfluid,Bentley,Arnage,Germany
515,Sigismond,Sleaford,ssleafordea@cnet.com,Genderqueer,Acura,RL,Germany
516,Lauren,Howcroft,lhowcrofteb@state.gov,Non-binary,Buick,Rendezvous,Germany
517,Derril,Thomesson,dthomessonec@bloomberg.com,Genderqueer,Mitsubishi,Montero Sport,Spain
518,Lianne,Skittles,lskittlesed@hp.com,Female,Jaguar,XJ,Germany
519,Porter,Vicioso,pviciosoee@mlb.com,Bigender,Cadillac,STS,Spain
520,Carey,Oxnam,coxnamef@shutterfly.com,Bigender,Dodge,Dakota Club,Germany
521,Wilmette,Gunstone,wgunstoneeg@hhs.gov,Male,Honda,Prelude,Spain
522,Marcus,Elcock,melcockeh@jimdo.com,Polygender,Mitsubishi,Chariot,Germany
523,Domeniga,Wadforth,dwadforthei@360.cn,Female,Dodge,Caravan,Belgium
524,Nathaniel,Yerrington,nyerringtonej@acquirethisname.com,Male,Ford,E-350 Super Duty,Spain
525,Hobart,Mozzini,hmozziniek@blogs.com,Genderfluid,Mercedes-Benz,S-Class,Spain
526,Reg,O'Duane,roduaneel@plala.or.jp,Male,Porsche,928,Spain
527,Arlen,Beneteau,abeneteauem@hatena.ne.jp,Bigender,Toyota,Supra,Spain
528,Kalila,Arpe,karpeen@qq.com,Female,Mercury,Grand Marquis,Germany
529,Tymon,Scannell,tscannelleo@over-blog.com,Female,Chevrolet,Beretta,Spain
530,Iseabal,Eddowis,ieddowisep@skype.com,Male,Jeep,Commander,Spain
531,Timoteo,Wanjek,twanjekeq@amazon.co.jp,Non-binary,Toyota,Prius,Spain
532,Marie,Ferres,mferreser@hugedomains.com,Polygender,Kia,Sedona,Germany
533,Cornie,Gerred,cgerredes@surveymonkey.com,Genderqueer,Ford,Expedition,Germany
534,Emylee,Christaeas,echristaeaset@admin.ch,Agender,Pontiac,GTO,Germany
535,Cory,Hazle,chazleeu@ed.gov,Bigender,Subaru,Brat,Germany
536,Brenden,Quakley,bquakleyev@linkedin.com,Agender,Ford,Mustang,Germany
537,Gipsy,Downey,gdowneyew@networkadvertising.org,Female,Toyota,Celica,Spain
538,Orton,Littlechild,olittlechildex@plala.or.jp,Non-binary,Buick,Regal,Spain
539,Emmie,McKeller,emckellerey@businessinsider.com,Bigender,Toyota,Tundra,Germany
540,Dode,Stares,dstaresez@about.me,Genderfluid,BMW,M5,Germany
541,Cynthy,Linthead,clintheadf0@auda.org.au,Female,Mercedes-Benz,SL-Class,Spain
542,Nathalie,Eisig,neisigf1@hud.gov,Genderqueer,BMW,525,Germany
543,Nicoli,Tacon,ntaconf2@psu.edu,Polygender,Mazda,B-Series Plus,Spain
544,Emlyn,Pitkethly,epitkethlyf3@mysql.com,Bigender,Chrysler,Voyager,Germany
545,Cthrine,Turn,cturnf4@wunderground.com,Non-binary,Chevrolet,Suburban 1500,Germany
546,Belia,Galliford,bgallifordf5@guardian.co.uk,Genderqueer,Lincoln,Continental,Germany
547,Estele,Filipov,efilipovf6@ning.com,Genderqueer,Chevrolet,Suburban 1500,Spain
548,Gerianna,Lilford,glilfordf7@house.gov,Genderqueer,Toyota,Camry,Spain
549,Zilvia,Dorkin,zdorkinf8@rakuten.co.jp,Genderfluid,Ford,Laser,Germany
550,Brig,St. Paul,bstpaulf9@wordpress.org,Female,Buick,Electra,Spain
551,Rubia,Belleny,rbellenyfa@jalbum.net,Bigender,Cadillac,Seville,Spain
552,Lyndsay,Baudon,lbaudonfb@opera.com,Genderfluid,Kia,Sephia,Germany
553,Fan,Mingey,fmingeyfc@disqus.com,Bigender,Dodge,Ram 2500,Germany
554,Sig,Barbour,sbarbourfd@intel.com,Agender,Acura,RL,Germany
555,Celestine,Rallinshaw,crallinshawfe@oaic.gov.au,Polygender,MINI,Cooper,Germany
556,Ethelyn,Foran,eforanff@ucla.edu,Bigender,BMW,760,Spain
557,Bing,Mulhall,bmulhallfg@dyndns.org,Male,Volkswagen,Type 2,Germany
558,Dalt,Scally,dscallyfh@trellian.com,Non-binary,Saturn,Sky,Belgium
559,Kameko,Tuer,ktuerfi@arizona.edu,Agender,Subaru,XT,Belgium
560,Gretta,Kingswold,gkingswoldfj@ftc.gov,Male,Mercury,Marquis,Spain
561,Lita,Theakston,ltheakstonfk@dagondesign.com,Agender,Plymouth,Colt Vista,Germany
562,Eveleen,Joncic,ejoncicfl@friendfeed.com,Polygender,Mercedes-Benz,Sprinter 2500,Germany
563,Gabi,Gabbot,ggabbotfm@domainmarket.com,Male,Saab,9-5,Spain
564,Buckie,Rasell,brasellfn@jalbum.net,Female,Jeep,Wrangler,Belgium
565,Elana,Potbury,epotburyfo@about.me,Non-binary,Volvo,XC90,Germany
566,Felizio,Fihelly,ffihellyfp@surveymonkey.com,Genderfluid,BMW,X5,Germany
567,Merrie,Gall,mgallfq@typepad.com,Male,Panoz,Esperante,Spain
568,Waylin,Hornig,whornigfr@technorati.com,Agender,Ford,Expedition,Spain
569,Clementina,Kiley,ckileyfs@gravatar.com,Male,Mercedes-Benz,C-Class,Germany
570,Tristan,Rainton,traintonft@census.gov,Male,Jaguar,XF,Germany
571,Lamond,Sermin,lserminfu@wix.com,Agender,Chevrolet,Corvette,Germany
572,Pren,Kings,pkingsfv@amazon.co.jp,Bigender,BMW,3 Series,Germany
573,Hymie,Teeney,hteeneyfw@plala.or.jp,Female,BMW,M5,Spain
574,Brander,Aspling,basplingfx@berkeley.edu,Genderqueer,GMC,Safari,Germany
575,Janela,Lenaghen,jlenaghenfy@sphinn.com,Genderfluid,Audi,100,Spain
576,Bing,Brelsford,bbrelsfordfz@chronoengine.com,Agender,Buick,Skylark,Spain
577,Lothaire,Pierpoint,lpierpointg0@reference.com,Genderqueer,Pontiac,Grand Am,Belgium
578,Molly,Webland,mweblandg1@businessweek.com,Non-binary,Ford,Explorer,Germany
579,Bogey,Hullett,bhullettg2@oakley.com,Genderfluid,Ford,Mustang,Germany
580,Tom,Glanister,tglanisterg3@cnn.com,Non-binary,Pontiac,Grand Prix,Germany
581,Steffane,Gurton,sgurtong4@msu.edu,Male,Mercury,Cougar,Germany
582,Karoly,Flude,kfludeg5@tamu.edu,Non-binary,BMW,M Roadster,Belgium
583,Stoddard,Reicherz,sreicherzg6@yellowbook.com,Bigender,Eagle,Summit,Germany
584,Arin,Niesing,aniesingg7@tumblr.com,Male,Ford,Mustang,Spain
585,Barbe,Hambric,bhambricg8@umn.edu,Agender,Mitsubishi,Montero Sport,Spain
586,Quill,Richie,qrichieg9@usa.gov,Polygender,Audi,Q5,Germany
587,Dosi,Lackham,dlackhamga@ezinearticles.com,Polygender,Saab,9-5,Germany
588,Say,Weldrick,sweldrickgb@slideshare.net,Genderfluid,Pontiac,Montana,Spain
589,Shep,Faithfull,sfaithfullgc@forbes.com,Female,BMW,Z3,Spain
590,Karon,Shortland,kshortlandgd@auda.org.au,Bigender,Honda,Civic,Spain
591,Bobby,Afonso,bafonsoge@e-recht24.de,Bigender,Acura,NSX,Germany
592,Flin,Pollett,fpollettgf@ustream.tv,Genderqueer,Jeep,Patriot,Spain
593,Berke,Albinson,balbinsongg@utexas.edu,Agender,Ford,Crown Victoria,Germany
594,Lilias,Clarkson,lclarksongh@shop-pro.jp,Agender,Mercedes-Benz,G-Class,Germany
595,Reece,Weond,rweondgi@google.com.au,Genderfluid,Dodge,Ram,Spain
596,Ewen,Jobin,ejobingj@123-reg.co.uk,Polygender,Subaru,Brat,Spain
597,Dyan,Brogi,dbrogigk@unc.edu,Non-binary,Suzuki,Forenza,Germany
598,Linoel,Feldmark,lfeldmarkgl@facebook.com,Non-binary,Mazda,RX-7,Germany
599,Shelagh,Tomowicz,stomowiczgm@bloglines.com,Bigender,Lexus,IS F,Spain
600,Belicia,Connal,bconnalgn@squarespace.com,Male,Toyota,4Runner,Spain
601,Claude,Trythall,ctrythallgo@dion.ne.jp,Female,Kia,Spectra,Germany
602,Thorvald,Flavelle,tflavellegp@xing.com,Polygender,Mercury,Mystique,Spain
603,Tabbie,Senett,tsenettgq@cisco.com,Genderfluid,Holden,VS Commodore,Germany
604,Torrance,Dollard,tdollardgr@walmart.com,Female,Toyota,Land Cruiser,Spain
605,Ivie,Blackesland,iblackeslandgs@state.tx.us,Bigender,Mitsubishi,Mirage,Spain
606,Antoni,Scolli,ascolligt@a8.net,Male,Dodge,Ram 1500,Germany
607,Clarinda,Danelet,cdaneletgu@omniture.com,Agender,Pontiac,Sunfire,Germany
608,Rozalin,Manueli,rmanueligv@mapquest.com,Female,Cadillac,Escalade ESV,Germany
609,Stephen,Spens,sspensgw@bloglovin.com,Male,Audi,A5,Belgium
610,Keefer,Dumsday,kdumsdaygx@csmonitor.com,Female,Kia,Amanti,Spain
611,Darcee,Dowry,ddowrygy@rediff.com,Agender,Rambler,Classic,Spain
612,Chev,Daniello,cdaniellogz@naver.com,Polygender,Mercedes-Benz,Sprinter,Germany
613,Jonas,Cassel,jcasselh0@so-net.ne.jp,Genderqueer,Pontiac,Firefly,Germany
614,Cassondra,Gunby,cgunbyh1@ocn.ne.jp,Male,BMW,Z4 M,Germany
615,Debbi,Deeks,ddeeksh2@webnode.com,Non-binary,Mercury,Sable,Spain
616,Margot,Rhymer,mrhymerh3@wikipedia.org,Female,Mitsubishi,Precis,Germany
617,Vinnie,Peirson,vpeirsonh4@salon.com,Male,Chevrolet,Camaro,Spain
618,Laurie,McCallum,lmccallumh5@comsenz.com,Polygender,Chevrolet,Astro,Spain
619,Ginny,Blaylock,gblaylockh6@joomla.org,Genderfluid,Chrysler,300M,Germany
620,Sherie,Chavrin,schavrinh7@unicef.org,Male,Mazda,CX-9,Germany
621,Josepha,Wennington,jwenningtonh8@bbc.co.uk,Genderqueer,Pontiac,Grand Prix,Germany
622,Aleda,Braid,abraidh9@sohu.com,Non-binary,Chevrolet,Suburban 2500,Spain
623,Ora,Wurst,owurstha@wiley.com,Polygender,Chevrolet,S10 Blazer,Spain
624,Adams,Orneles,aorneleshb@jiathis.com,Non-binary,Ford,E350,Germany
625,Constantino,Macon,cmaconhc@weather.com,Genderfluid,Toyota,Tacoma,Germany
626,Ignacius,Gottelier,igottelierhd@technorati.com,Agender,Mercedes-Benz,E-Class,Germany
627,Terrill,Mursell,tmursellhe@guardian.co.uk,Polygender,Dodge,Ram Van 2500,Germany
628,Darcy,De Ruggero,dderuggerohf@ustream.tv,Genderqueer,Lexus,ES,Spain
629,Shadow,MacCosto,smaccostohg@google.fr,Female,Chevrolet,Monte Carlo,Spain
630,Vitia,Bampforth,vbampforthhh@bbc.co.uk,Female,Land Rover,Discovery Series II,Spain
631,Lina,Coverley,lcoverleyhi@hostgator.com,Genderfluid,GMC,Jimmy,Spain
632,Blisse,Gyse,bgysehj@purevolume.com,Female,Audi,5000S,Spain
633,Addie,Skoate,askoatehk@gnu.org,Female,Infiniti,QX,Spain
634,Betsy,McCourtie,bmccourtiehl@hhs.gov,Agender,Plymouth,Grand Voyager,Belgium
635,Kenn,Eccleshall,keccleshallhm@vinaora.com,Polygender,Lexus,RX Hybrid,Germany
636,Willy,Siman,wsimanhn@accuweather.com,Male,Chevrolet,Colorado,Germany
637,Barn,Salters,bsaltersho@miitbeian.gov.cn,Genderfluid,Ford,Escape,Germany
638,Brandyn,Clemendot,bclemendothp@seesaa.net,Genderqueer,Eagle,Talon,Germany
639,Jermaine,Orro,jorrohq@google.com.hk,Male,Maybach,62,Belgium
640,Fernando,Macquire,fmacquirehr@typepad.com,Female,Morgan,Aero 8,Spain
641,Frazer,Ruddock,fruddockhs@msu.edu,Male,GMC,2500,Spain
642,Rockwell,Gauthorpp,rgauthorppht@marriott.com,Polygender,Chevrolet,Cavalier,Belgium
643,Marshall,Corney,mcorneyhu@dagondesign.com,Polygender,Lexus,GS,Germany
644,Artemis,Taborre,ataborrehv@house.gov,Bigender,Volvo,XC90,Spain
645,Darren,Roughey,drougheyhw@eventbrite.com,Polygender,Ford,Tempo,Germany
646,Rab,Goldin,rgoldinhx@reverbnation.com,Male,Suzuki,Swift,Spain
647,Armando,Lewer,alewerhy@auda.org.au,Male,Honda,Element,Belgium
648,Akim,Jeckell,ajeckellhz@1688.com,Female,Ford,Explorer,Germany
649,Eleanore,Aizkovitch,eaizkovitchi0@webmd.com,Genderqueer,Mercedes-Benz,SLS AMG,Spain
650,Jerrold,Tregenna,jtregennai1@linkedin.com,Male,Buick,Reatta,Germany
651,Dolores,Marchiso,dmarchisoi2@istockphoto.com,Bigender,Suzuki,Kizashi,Germany
652,Conn,Aimable,caimablei3@yandex.ru,Male,Chevrolet,Caprice,Spain
653,Leeland,Gut,lguti4@mail.ru,Polygender,Acura,CL,Germany
654,Adolph,Strooband,astroobandi5@facebook.com,Bigender,Saab,9-5,Germany
655,Morgan,Bibbie,mbibbiei6@digg.com,Bigender,GMC,Sierra 1500,Germany
656,Gerhard,Spragge,gspraggei7@google.nl,Genderqueer,Suzuki,Swift,Spain
657,Luelle,McCook,lmccooki8@vk.com,Male,Lamborghini,Murci√©lago,Spain
658,Rollo,Popplewell,rpopplewelli9@blogspot.com,Bigender,Mazda,B-Series,Germany
659,Mureil,Lindenbaum,mlindenbaumia@microsoft.com,Agender,Chevrolet,Astro,Spain
660,Dorena,Dolder,ddolderib@networksolutions.com,Agender,Lincoln,MKZ,Spain
661,Leighton,Romei,lromeiic@barnesandnoble.com,Polygender,BMW,Z3,Spain
662,Erv,Grissett,egrissettid@census.gov,Male,Toyota,Tacoma,Germany
663,Hy,Fullom,hfullomie@altervista.org,Male,Buick,LeSabre,Germany
664,Gery,Firidolfi,gfiridolfiif@flavors.me,Polygender,Lincoln,Continental,Spain
665,Horatia,Mountney,hmountneyig@dedecms.com,Male,Porsche,Boxster,Germany
666,Lucho,Stapford,lstapfordih@pinterest.com,Agender,GMC,Canyon,Germany
667,Giavani,Simmance,gsimmanceii@oracle.com,Male,Subaru,BRZ,Spain
668,Faunie,Ortiger,fortigerij@tinypic.com,Agender,Chevrolet,Suburban 1500,Germany
669,Quintina,McLese,qmcleseik@yolasite.com,Non-binary,Kia,Spectra,Germany
670,Merwyn,Parncutt,mparncuttil@yellowpages.com,Agender,Mazda,RX-7,Germany
671,Georgianne,Newitt,gnewittim@parallels.com,Genderfluid,GMC,Savana 1500,Spain
672,Binky,Alastair,balastairin@state.tx.us,Polygender,Mazda,Protege,Germany
673,Allyson,Mathison,amathisonio@miibeian.gov.cn,Genderqueer,Lamborghini,Gallardo,Spain
674,Yuma,Khidr,ykhidrip@cisco.com,Non-binary,Chevrolet,Sportvan G30,Germany
675,Meg,Timperley,mtimperleyiq@telegraph.co.uk,Agender,Dodge,Ram Van 1500,Belgium
676,Hallsy,Kermon,hkermonir@bloglines.com,Non-binary,Subaru,Impreza,Germany
677,Dominga,Montfort,dmontfortis@bluehost.com,Male,Volvo,XC90,Belgium
678,Mitchael,Scudder,mscudderit@eventbrite.com,Genderfluid,Ford,Bronco II,Germany
679,Leia,Peete,lpeeteiu@dyndns.org,Polygender,Mercedes-Benz,CL-Class,Spain
680,Dolf,Weatherburn,dweatherburniv@china.com.cn,Non-binary,Ford,Club Wagon,Spain
681,Virgie,Greenard,vgreenardiw@github.io,Non-binary,BMW,3 Series,Germany
682,Harcourt,Aylward,haylwardix@so-net.ne.jp,Male,Pontiac,Sunfire,Germany
683,Cletis,Eronie,ceronieiy@oaic.gov.au,Agender,Dodge,Ram Van 3500,Germany
684,Rania,Warricker,rwarrickeriz@fc2.com,Male,BMW,X3,Spain
685,Robers,Kopman,rkopmanj0@last.fm,Bigender,Lincoln,LS,Germany
686,Arabele,Vanyard,avanyardj1@washingtonpost.com,Non-binary,Toyota,Celica,Spain
687,Dallas,Blaycock,dblaycockj2@posterous.com,Male,Toyota,Corolla,Germany
688,Milly,Bremmell,mbremmellj3@pbs.org,Bigender,Ford,Windstar,Spain
689,Zeke,Tordiffe,ztordiffej4@seesaa.net,Non-binary,Oldsmobile,Regency,Germany
690,Morse,Ockleshaw,mockleshawj5@globo.com,Male,Audi,Coupe Quattro,Spain
691,Libbey,Orrell,lorrellj6@google.com.au,Agender,Audi,Allroad,Germany
692,Antonio,Paviour,apaviourj7@pinterest.com,Female,Bentley,Arnage,Germany
693,Percival,Grinter,pgrinterj8@delicious.com,Male,Dodge,Durango,Spain
694,Creight,Dimbylow,cdimbylowj9@163.com,Female,Lincoln,Continental Mark VII,Spain
695,Katey,Thorsen,kthorsenja@amazonaws.com,Female,Ford,Ranger,Spain
696,Geordie,Le Breton,glebretonjb@vk.com,Non-binary,Volkswagen,Jetta,Germany
697,Barb,Cramond,bcramondjc@tumblr.com,Male,Mercury,Mystique,Germany
698,Leesa,Greenalf,lgreenalfjd@sbwire.com,Genderqueer,Subaru,Legacy,Germany
699,Joly,Swainger,jswaingerje@storify.com,Non-binary,Geo,Storm,Spain
700,Melvyn,Duckers,mduckersjf@earthlink.net,Genderfluid,Mitsubishi,Mighty Max,Belgium
701,Vinnie,Smerdon,vsmerdonjg@nationalgeographic.com,Agender,Jaguar,XJ Series,Germany
702,Meyer,Marousek,mmarousekjh@about.com,Male,Ford,F150,Spain
703,Gav,McAlinion,gmcalinionji@europa.eu,Agender,Nissan,300ZX,Spain
704,Vanya,Breakspear,vbreakspearjj@liveinternet.ru,Agender,Land Rover,Defender 90,Belgium
705,Lianne,Anshell,lanshelljk@about.me,Non-binary,Ford,F-Series,Spain
706,Cloe,Potebury,cpoteburyjl@columbia.edu,Polygender,Mercedes-Benz,500SEC,Spain
707,Sandie,Hullins,shullinsjm@google.cn,Genderfluid,Infiniti,QX,Germany
708,Shauna,Gircke,sgirckejn@phoca.cz,Bigender,Volvo,S90,Germany
709,Blancha,McGray,bmcgrayjo@alibaba.com,Female,Nissan,Murano,Germany
710,Sheree,Atwood,satwoodjp@linkedin.com,Bigender,Ford,Taurus,Belgium
711,Brien,Jannaway,bjannawayjq@ucoz.ru,Agender,Honda,CR-V,Germany
712,Vick,Stolze,vstolzejr@photobucket.com,Polygender,Audi,A6,Germany
713,Conway,Bentke,cbentkejs@deviantart.com,Genderfluid,Plymouth,Colt Vista,Spain
714,Ingemar,Hawlgarth,ihawlgarthjt@multiply.com,Non-binary,GMC,Yukon XL 1500,Spain
715,Upton,Casterot,ucasterotju@slate.com,Female,Mercury,Mountaineer,Germany
716,Iormina,Himsworth,ihimsworthjv@simplemachines.org,Polygender,Hyundai,Sonata,Spain
717,Junia,Berni,jbernijw@nyu.edu,Genderqueer,Mazda,RX-7,Spain
718,Lisa,Broadley,lbroadleyjx@mtv.com,Non-binary,Volkswagen,Corrado,Germany
719,Rina,Paolo,rpaolojy@technorati.com,Female,Ferrari,430 Scuderia,Germany
720,Gav,Horsfield,ghorsfieldjz@wikipedia.org,Agender,Geo,Tracker,Germany
721,Anthia,Collingridge,acollingridgek0@go.com,Genderqueer,Nissan,Pathfinder,Germany
722,Lin,Ritchie,lritchiek1@economist.com,Non-binary,Ford,Taurus,Germany
723,Rosemarie,Tiddeman,rtiddemank2@altervista.org,Male,Chevrolet,Equinox,Spain
724,Lindsey,Scally,lscallyk3@ftc.gov,Non-binary,BMW,8 Series,Germany
725,Emilie,Balasin,ebalasink4@t-online.de,Genderfluid,Isuzu,Axiom,Germany
726,Noami,Marquand,nmarquandk5@phpbb.com,Genderfluid,GMC,Sierra 2500,Germany
727,Mariya,Nichols,mnicholsk6@mozilla.org,Male,Chevrolet,Malibu,Germany
728,Silvia,Bazoge,sbazogek7@springer.com,Non-binary,Mazda,Mazda6,Spain
729,Scot,Wolfinger,swolfingerk8@yolasite.com,Non-binary,Hyundai,Azera,Belgium
730,Francesco,Agiolfinger,fagiolfingerk9@cornell.edu,Genderqueer,Subaru,Forester,Spain
731,Kial,Elphee,kelpheeka@cdbaby.com,Genderfluid,Aston Martin,Rapide,Germany
732,Blair,Whereat,bwhereatkb@is.gd,Female,Nissan,Frontier,Spain
733,Augy,Hannon,ahannonkc@ameblo.jp,Polygender,Lincoln,MKT,Germany
734,Ole,Wroughton,owroughtonkd@unicef.org,Genderfluid,GMC,Suburban 2500,Spain
735,Malina,Bynold,mbynoldke@abc.net.au,Agender,Mitsubishi,Chariot,Spain
736,Garnet,Eyles,geyleskf@seattletimes.com,Genderqueer,Nissan,Pathfinder,Spain
737,Jeddy,Batson,jbatsonkg@cnbc.com,Agender,Bentley,Azure,Spain
738,Peg,Willetts,pwillettskh@nbcnews.com,Genderqueer,Dodge,Ram 50,Spain
739,Orran,Goodanew,ogoodanewki@acquirethisname.com,Non-binary,Pontiac,Gemini,Spain
740,Gilly,Cosstick,gcosstickkj@google.com,Bigender,Pontiac,Firebird,Spain
741,Terrie,Fielders,tfielderskk@studiopress.com,Agender,Plymouth,Breeze,Spain
742,Hyacinthia,Ryce,hrycekl@forbes.com,Agender,Toyota,Venza,Spain
743,Larine,Janaway,ljanawaykm@tiny.cc,Genderfluid,Ford,Crown Victoria,Spain
744,Katerine,Scaife,kscaifekn@mapquest.com,Genderfluid,Maserati,Coupe,Spain
745,Percy,Nutbeem,pnutbeemko@comsenz.com,Agender,Chevrolet,Traverse,Germany
746,Cyrillus,Swinn,cswinnkp@upenn.edu,Genderqueer,Land Rover,Range Rover,Germany
747,Jermain,Bletsoe,jbletsoekq@amazon.com,Bigender,GMC,Sonoma,Germany
748,Brocky,Maden,bmadenkr@vkontakte.ru,Genderfluid,Toyota,Camry Hybrid,Spain
749,Devlen,Howkins,dhowkinsks@who.int,Male,Lincoln,Town Car,Germany
750,Friedrick,Vina,fvinakt@deviantart.com,Female,Mazda,CX-9,Spain
751,Welch,Poundford,wpoundfordku@squidoo.com,Male,Volkswagen,Eos,Spain
752,Harris,Dunridge,hdunridgekv@dion.ne.jp,Genderfluid,Hyundai,Equus,Spain
753,Nat,Chadwin,nchadwinkw@dell.com,Male,Mercedes-Benz,S-Class,Spain
754,Abigale,Philipart,aphilipartkx@elpais.com,Bigender,Mazda,Protege,Germany
755,Darnell,Bonaire,dbonaireky@intel.com,Genderfluid,Oldsmobile,LSS,Spain
756,Pammie,Bartomeu,pbartomeukz@yellowbook.com,Genderqueer,GMC,Yukon XL 1500,Germany
757,Lanie,Neljes,lneljesl0@privacy.gov.au,Genderqueer,Chevrolet,Malibu,Germany
758,Cathie,Lightollers,clightollersl1@state.gov,Female,Plymouth,Colt,Germany
759,Ker,Habershaw,khabershawl2@tamu.edu,Agender,GMC,Sierra 3500,Spain
760,Sheelah,Theunissen,stheunissenl3@samsung.com,Polygender,Scion,tC,Germany
761,Laural,Dayer,ldayerl4@wsj.com,Female,Ford,Windstar,Spain
762,Delcine,Fishley,dfishleyl5@123-reg.co.uk,Female,Aston Martin,DBS,Belgium
763,Karen,MacGowan,kmacgowanl6@bandcamp.com,Bigender,Chevrolet,Avalanche,Spain
764,Giustino,Tomet,gtometl7@imdb.com,Male,Chevrolet,Avalanche 2500,Germany
765,Mavis,Worswick,mworswickl8@ft.com,Non-binary,Ford,Thunderbird,Spain
766,Alwyn,Woodgate,awoodgatel9@virginia.edu,Bigender,Pontiac,Grand Prix,Germany
767,Shelba,Lehrer,slehrerla@msn.com,Agender,Subaru,Alcyone SVX,Belgium
768,Kippar,Jowsey,kjowseylb@ftc.gov,Non-binary,Citro√´n,CX,Germany
769,Marleah,Dowse,mdowselc@people.com.cn,Polygender,Volkswagen,Cabriolet,Spain
770,Mar,Taynton,mtayntonld@buzzfeed.com,Female,Toyota,Tundra,Germany
771,Adham,Chartre,achartrele@chronoengine.com,Female,Mitsubishi,Chariot,Spain
772,Hodge,Stoak,hstoaklf@indiegogo.com,Agender,Oldsmobile,Silhouette,Spain
773,Mead,Buff,mbufflg@gov.uk,Non-binary,Lexus,ES,Germany
774,Caitrin,Ebdin,cebdinlh@elpais.com,Female,Lincoln,Navigator,Spain
775,Jackie,Mauditt,jmaudittli@unesco.org,Male,Isuzu,Hombre Space,Germany
776,Dexter,Antonchik,dantonchiklj@dailymotion.com,Genderqueer,Volkswagen,Golf,Spain
777,Madelaine,Pepon,mpeponlk@networkadvertising.org,Agender,Land Rover,Sterling,Spain
778,Leena,Caunce,lcauncell@smugmug.com,Polygender,Ford,Bronco II,Belgium
779,Jay,Beavis,jbeavislm@github.com,Genderqueer,Plymouth,Acclaim,Germany
780,Antonie,Ackenson,aackensonln@spotify.com,Genderqueer,Mazda,Millenia,Belgium
781,Clarissa,Altree,caltreelo@google.es,Agender,Mazda,B-Series,Germany
782,Roberta,Dovermann,rdovermannlp@dropbox.com,Female,Buick,Electra,Spain
783,Artemus,Grindley,agrindleylq@indiatimes.com,Bigender,Scion,tC,Spain
784,Emera,Gossling,egosslinglr@ucoz.ru,Agender,Toyota,Corolla,Germany
785,Blake,Honywill,bhonywillls@sfgate.com,Genderqueer,Buick,Verano,Germany
786,Danyelle,Doctor,ddoctorlt@hugedomains.com,Agender,Oldsmobile,Ciera,Germany
787,Morton,Sucre,msucrelu@eventbrite.com,Male,Land Rover,Discovery,Germany
788,Cassandra,Croan,ccroanlv@wufoo.com,Agender,Cadillac,Seville,Spain
789,Chrissie,Ketch,cketchlw@latimes.com,Non-binary,Volvo,C70,Germany
790,Denys,Gaudin,dgaudinlx@hud.gov,Agender,Audi,80,Germany
791,Ignazio,Clausner,iclausnerly@imdb.com,Agender,Mercury,Grand Marquis,Germany
792,Lanie,Di Frisco,ldifriscolz@youtu.be,Bigender,Ford,F-Series Super Duty,Germany
793,Connie,Brellin,cbrellinm0@last.fm,Agender,Chevrolet,Vega,Spain
794,Chance,Studeart,cstudeartm1@thetimes.co.uk,Genderfluid,Cadillac,XLR-V,Spain
795,Ardine,Jollie,ajolliem2@amazon.com,Bigender,Chevrolet,Suburban,Spain
796,Evan,Shinton,eshintonm3@amazon.co.uk,Female,Audi,S5,Germany
797,Samuel,Sterke,ssterkem4@guardian.co.uk,Non-binary,Land Rover,Discovery,Spain
798,Mackenzie,Admans,madmansm5@washington.edu,Genderqueer,Ford,Windstar,Germany
799,Harriett,Twaits,htwaitsm6@cisco.com,Polygender,GMC,Yukon,Germany
800,Joly,Nore,jnorem7@domainmarket.com,Agender,Subaru,Outback,Spain
801,Gusti,Carlson,gcarlsonm8@joomla.org,Agender,Mercedes-Benz,CLK-Class,Germany
802,Guenna,Graddell,ggraddellm9@admin.ch,Non-binary,BMW,X3,Germany
803,Elga,Endacott,eendacottma@acquirethisname.com,Genderqueer,Hyundai,Accent,Spain
804,Raphael,Halms,rhalmsmb@wunderground.com,Bigender,Isuzu,Axiom,Germany
805,Grady,Beagley,gbeagleymc@free.fr,Female,Plymouth,Neon,Germany
806,Seline,Eade,seademd@state.gov,Genderfluid,Mercury,Mountaineer,Germany
807,Clovis,Glinde,cglindeme@instagram.com,Polygender,Ford,Econoline E250,Spain
808,Terrill,McBrier,tmcbriermf@theatlantic.com,Genderqueer,GMC,1500 Club Coupe,Germany
809,Claudelle,Rzehor,crzehormg@gravatar.com,Male,Pontiac,GTO,Germany
810,Lark,Kleewein,lkleeweinmh@nydailynews.com,Polygender,Honda,CR-V,Spain
811,Consalve,Layland,claylandmi@businesswire.com,Bigender,Acura,Legend,Spain
812,Felice,Toop,ftoopmj@symantec.com,Male,Ford,Mustang,Germany
813,Hasheem,Taplin,htaplinmk@discuz.net,Polygender,Isuzu,Ascender,Germany
814,Kati,Dieton,kdietonml@feedburner.com,Genderqueer,Saturn,VUE,Germany
815,Marci,Itzkovici,mitzkovicimm@qq.com,Polygender,Aston Martin,V8 Vantage,Germany
816,Joscelin,Adelberg,jadelbergmn@spotify.com,Non-binary,Lamborghini,Murci√©lago,Germany
817,Easter,Syplus,esyplusmo@google.cn,Bigender,Isuzu,Hombre,Spain
818,Darb,Challin,dchallinmp@linkedin.com,Non-binary,Mitsubishi,Tredia,Spain
819,Clarie,Scoggan,cscogganmq@spotify.com,Polygender,Tesla,Roadster,Spain
820,Ailene,Bullough,abulloughmr@ucla.edu,Genderqueer,Audi,A3,Spain
821,Jerad,Coulter,jcoulterms@vk.com,Non-binary,Merkur,XR4Ti,Spain
822,Clair,Kretchmer,ckretchmermt@gravatar.com,Bigender,Ford,Ranger,Spain
823,Daren,Dauby,ddaubymu@trellian.com,Agender,Plymouth,Grand Voyager,Belgium
824,Bab,Thomann,bthomannmv@altervista.org,Bigender,Volkswagen,Eurovan,Germany
825,Dionne,Englishby,denglishbymw@slashdot.org,Female,Toyota,Camry,Germany
826,Letta,Menendes,lmenendesmx@upenn.edu,Genderqueer,Mitsubishi,Montero Sport,Spain
827,Agna,Alleyne,aalleynemy@uiuc.edu,Female,Oldsmobile,Achieva,Germany
828,Ninnetta,Lawlan,nlawlanmz@twitpic.com,Female,Chrysler,Fifth Ave,Germany
829,Franz,Newlove,fnewloven0@simplemachines.org,Non-binary,GMC,Sierra 3500,Spain
830,Maggy,Callinan,mcallinann1@drupal.org,Female,Honda,Insight,Spain
831,Randy,Keningley,rkeningleyn2@imdb.com,Genderqueer,Chevrolet,Corvette,Germany
832,Sanford,Janning,sjanningn3@about.com,Non-binary,Land Rover,Sterling,Spain
833,Jackqueline,Cawson,jcawsonn4@vk.com,Non-binary,Ford,Bronco,Spain
834,Bernice,Noddles,bnoddlesn5@zimbio.com,Polygender,Chevrolet,Silverado 1500,Germany
835,Misty,Moss,mmossn6@europa.eu,Genderqueer,Mazda,MX-5,Germany
836,Greggory,Earthfield,gearthfieldn7@ted.com,Agender,BMW,5 Series,Spain
837,Georges,Forbes,gforbesn8@tiny.cc,Bigender,Isuzu,Trooper,Spain
838,Prudy,Lohden,plohdenn9@nytimes.com,Genderfluid,Ford,Expedition,Germany
839,Bernarr,Churchlow,bchurchlowna@trellian.com,Bigender,Citro√´n,SM,Germany
840,Wally,Frazer,wfrazernb@independent.co.uk,Genderfluid,Acura,CL,Germany
841,Fredrick,Fiddyment,ffiddymentnc@dailymail.co.uk,Genderqueer,Chevrolet,Cavalier,Germany
842,Coriss,McKern,cmckernnd@goo.ne.jp,Genderfluid,Chevrolet,Cavalier,Spain
843,Correna,Vizard,cvizardne@un.org,Female,Ford,F150,Spain
844,Gael,Davidek,gdavideknf@amazon.co.uk,Non-binary,Chrysler,Town & Country,Belgium
845,Goldi,Pywell,gpywellng@berkeley.edu,Bigender,Mercury,Cougar,Germany
846,Andy,Laphorn,alaphornnh@newyorker.com,Bigender,Lincoln,Continental,Spain
847,Lyda,Habershaw,lhabershawni@narod.ru,Non-binary,BMW,Z3,Spain
848,Odella,Bloxam,obloxamnj@tripod.com,Male,Jaguar,XK,Germany
849,Madel,Shay,mshaynk@gov.uk,Non-binary,Ford,Explorer,Germany
850,Cob,Christensen,cchristensennl@cnet.com,Bigender,Nissan,NV1500,Germany
851,Katha,Giamitti,kgiamittinm@businessinsider.com,Bigender,Ferrari,599 GTB Fiorano,Spain
852,Evangelina,Dmitrienko,edmitrienkonn@histats.com,Agender,Subaru,Leone,Germany
853,Babbette,Rudgerd,brudgerdno@ebay.co.uk,Bigender,Cadillac,DeVille,Germany
854,Jeanette,Soigne,jsoignenp@list-manage.com,Male,Mercury,Cougar,Germany
855,Brenna,Tidman,btidmannq@youtube.com,Male,Ford,F-Series,Belgium
856,Letta,Kobpa,lkobpanr@buzzfeed.com,Genderfluid,Lexus,SC,Spain
857,Dulcea,Lemmanbie,dlemmanbiens@is.gd,Polygender,GMC,Vandura 2500,Germany
858,Laverne,Keighley,lkeighleynt@php.net,Polygender,Ford,Explorer Sport Trac,Germany
859,Chick,O'Giany,cogianynu@nba.com,Genderfluid,Mercedes-Benz,SL-Class,Germany
860,Mordecai,Legg,mleggnv@economist.com,Agender,Ford,Ranger,Germany
861,Janella,Dedmam,jdedmamnw@angelfire.com,Genderqueer,Mazda,Protege,Spain
862,Amberly,Relfe,arelfenx@slashdot.org,Male,Toyota,Previa,Spain
863,Marcelline,Cartlidge,mcartlidgeny@quantcast.com,Female,Ford,Escort,Spain
864,Jeremie,Romeril,jromerilnz@prnewswire.com,Male,Infiniti,Q,Germany
865,Jamil,Crampin,jcrampino0@livejournal.com,Agender,Isuzu,Ascender,Germany
866,Hynda,De Haven,hdehaveno1@friendfeed.com,Bigender,Chevrolet,Express 2500,Spain
867,Bernard,Kerman,bkermano2@github.com,Polygender,Toyota,TundraMax,Spain
868,Ebenezer,Nelson,enelsono3@shop-pro.jp,Genderqueer,Chevrolet,Blazer,Germany
869,Stinky,Morrow,smorrowo4@pen.io,Male,BMW,Z3,Belgium
870,Denna,Sciusscietto,dsciussciettoo5@dot.gov,Genderfluid,Toyota,Corolla,Spain
871,Rowen,Stolze,rstolzeo6@sphinn.com,Non-binary,Land Rover,Range Rover Sport,Germany
872,Jenda,Corday,jcordayo7@eepurl.com,Bigender,GMC,Suburban 1500,Germany
873,Jean,Bamsey,jbamseyo8@i2i.jp,Genderqueer,Dodge,Dakota,Germany
874,Shepherd,Carey,scareyo9@who.int,Non-binary,Toyota,Land Cruiser,Belgium
875,Dorella,Chape,dchapeoa@statcounter.com,Agender,Pontiac,Grand Prix,Germany
876,Meryl,Tewkesberrie,mtewkesberrieob@slideshare.net,Genderfluid,Volkswagen,Golf,Germany
877,Ethelin,Wank,ewankoc@deviantart.com,Bigender,BMW,X5,Germany
878,Mohandas,Douche,mdoucheod@archive.org,Male,BMW,5 Series,Germany
879,Saleem,Soppit,ssoppitoe@google.pl,Male,Chevrolet,Express 3500,Germany
880,Reube,Simonot,rsimonotof@ameblo.jp,Polygender,Chrysler,Aspen,Spain
881,Virgilio,Greenlees,vgreenleesog@behance.net,Genderqueer,Suzuki,Swift,Germany
882,Eben,Kedie,ekedieoh@123-reg.co.uk,Genderqueer,Dodge,Grand Caravan,Germany
883,Debera,Poulter,dpoulteroi@hp.com,Polygender,Suzuki,SJ,Spain
884,Pollyanna,Celli,pcellioj@opensource.org,Non-binary,MINI,Cooper Clubman,Spain
885,Betsey,Sibbald,bsibbaldok@house.gov,Genderfluid,Mercedes-Benz,S-Class,Germany
886,Agnes,Abramino,aabraminool@webnode.com,Genderqueer,Hyundai,Elantra,Germany
887,Bobby,Tackett,btackettom@creativecommons.org,Non-binary,GMC,1500,Germany
888,Ericha,Petrowsky,epetrowskyon@twitpic.com,Agender,Volvo,XC70,Spain
889,Janeta,Wythill,jwythilloo@amazon.de,Genderfluid,Volkswagen,rio,Spain
890,Cacilie,Langeley,clangeleyop@pinterest.com,Non-binary,GMC,Canyon,Germany
891,Gerry,Shellibeer,gshellibeeroq@homestead.com,Polygender,Cadillac,STS,Spain
892,Raimundo,Scarsbrick,rscarsbrickor@wisc.edu,Genderqueer,Ford,Econoline E350,Belgium
893,Julius,Packman,jpackmanos@blogger.com,Female,Acura,SLX,Spain
894,Dorena,Girt,dgirtot@weibo.com,Male,Nissan,Frontier,Germany
895,Mariska,Vautre,mvautreou@ihg.com,Agender,Chevrolet,Suburban,Germany
896,Rosalinde,Stuart,rstuartov@theguardian.com,Bigender,GMC,1500,Germany
897,Del,Lodder,dlodderow@google.com.au,Male,Audi,S4,Germany
898,Giacinta,Cancott,gcancottox@networkadvertising.org,Polygender,Geo,Storm,Germany
899,Eamon,Saville,esavilleoy@flavors.me,Genderqueer,Chevrolet,Camaro,Germany
900,Matthew,Beckhurst,mbeckhurstoz@mtv.com,Non-binary,Pontiac,Grand Am,Germany
901,Wilona,Geharke,wgeharkep0@tripod.com,Polygender,GMC,Suburban 2500,Belgium
902,Barclay,Pulbrook,bpulbrookp1@auda.org.au,Female,GMC,Safari,Germany
903,Gerrie,Kippen,gkippenp2@ca.gov,Bigender,Nissan,240SX,Spain
904,Bryan,Shenton,bshentonp3@shareasale.com,Polygender,Hyundai,Sonata,Spain
905,Quinton,Rhoddie,qrhoddiep4@bluehost.com,Genderqueer,Acura,NSX,Germany
906,Gaspar,Ahlin,gahlinp5@guardian.co.uk,Agender,Lincoln,Continental,Germany
907,Justis,Colchett,jcolchettp6@vimeo.com,Female,Lexus,GS,Germany
908,Tim,Imison,timisonp7@telegraph.co.uk,Non-binary,Ford,F150,Spain
909,Saunder,Kegley,skegleyp8@a8.net,Male,Plymouth,Voyager,Spain
910,Jandy,Collyear,jcollyearp9@themeforest.net,Female,Spyker,C8,Germany
911,Sharron,Brauner,sbraunerpa@buzzfeed.com,Genderfluid,Mazda,MPV,Germany
912,Chloris,Emer,cemerpb@infoseek.co.jp,Agender,Ford,Thunderbird,Spain
913,Cristal,Hasard,chasardpc@purevolume.com,Genderfluid,BMW,745,Germany
914,Constanta,Lilford,clilfordpd@senate.gov,Polygender,Ford,Escape,Germany
915,Devan,Myring,dmyringpe@histats.com,Agender,Dodge,D150 Club,Germany
916,Cletis,Caunter,ccaunterpf@wiley.com,Female,BMW,X5,Spain
917,Katina,Malster,kmalsterpg@mit.edu,Non-binary,Aptera,Type-1h,Belgium
918,Venita,Di Giorgio,vdigiorgioph@usa.gov,Non-binary,Mazda,Mazda3,Spain
919,Peggy,Lehrian,plehrianpi@jalbum.net,Female,Ford,E350,Germany
920,Hayward,Shervington,hshervingtonpj@zdnet.com,Non-binary,GMC,Savana 1500,Belgium
921,Stephenie,Smittoune,ssmittounepk@w3.org,Female,Infiniti,FX,Spain
922,Zeb,Spurling,zspurlingpl@hatena.ne.jp,Polygender,Chevrolet,Uplander,Spain
923,Adair,Bunclark,abunclarkpm@howstuffworks.com,Genderqueer,Mitsubishi,Galant,Spain
924,Venita,Rawstorn,vrawstornpn@si.edu,Genderqueer,Volvo,S70,Spain
925,Eirena,Easdon,eeasdonpo@domainmarket.com,Male,Chevrolet,Sportvan G30,Germany
926,Minta,Milverton,mmilvertonpp@tinypic.com,Genderfluid,BMW,525,Spain
927,Joanne,Raddenbury,jraddenburypq@illinois.edu,Genderfluid,Toyota,Land Cruiser,Spain
928,Abbey,Rulton,arultonpr@sitemeter.com,Genderfluid,Saab,9-3,Spain
929,Nico,Spino,nspinops@skype.com,Non-binary,Ford,Escape,Germany
930,Hermann,Mattaser,hmattaserpt@patch.com,Bigender,Honda,Fit,Germany
931,Giuditta,Kear,gkearpu@bizjournals.com,Female,Aston Martin,DB9,Germany
932,Odessa,Panyer,opanyerpv@vk.com,Genderqueer,Ford,Mustang,Germany
933,Eirena,Kubica,ekubicapw@123-reg.co.uk,Genderfluid,Acura,TL,Germany
934,Roosevelt,Seatter,rseatterpx@imageshack.us,Male,Volkswagen,Cabriolet,Germany
935,Alix,Mawby,amawbypy@tinyurl.com,Female,Dodge,Colt,Germany
936,Arthur,Nazer,anazerpz@icq.com,Bigender,Mercury,Mountaineer,Germany
937,Emmerich,Crix,ecrixq0@chicagotribune.com,Agender,Saab,900,Spain
938,Fancie,Ferroli,fferroliq1@kickstarter.com,Non-binary,Infiniti,IPL G,Germany
939,Carolus,Laytham,claythamq2@google.com.hk,Female,Alfa Romeo,164,Germany
940,Gary,Tourle,gtourleq3@hibu.com,Bigender,Buick,LeSabre,Belgium
941,Renee,Duester,rduesterq4@ucsd.edu,Male,Ford,Bronco,Belgium
942,Brewer,Toffoloni,btoffoloniq5@irs.gov,Agender,GMC,Yukon XL 2500,Spain
943,Ophelie,Brixey,obrixeyq6@spiegel.de,Genderqueer,Dodge,Ram Van B250,Spain
944,Heinrik,Olenchikov,holenchikovq7@meetup.com,Non-binary,Audi,90,Spain
945,Jacky,Boulger,jboulgerq8@yale.edu,Genderqueer,Mercury,Montego,Spain
946,Krisha,Duffitt,kduffittq9@princeton.edu,Non-binary,Ford,F-Series,Spain
947,Wenonah,Penke,wpenkeqa@vkontakte.ru,Genderfluid,GMC,Sierra 3500,Spain
948,Jaimie,Bailiss,jbailissqb@hatena.ne.jp,Non-binary,Cadillac,CTS-V,Spain
949,Koressa,Trimmell,ktrimmellqc@tripod.com,Genderqueer,Saab,900,Germany
950,Rebeka,Officer,rofficerqd@earthlink.net,Genderfluid,Chevrolet,Express 2500,Belgium
951,Drugi,Verdie,dverdieqe@vistaprint.com,Polygender,Plymouth,Colt Vista,Spain
952,Ina,Godly,igodlyqf@pinterest.com,Non-binary,Toyota,Camry,Spain
953,Tina,Bezley,tbezleyqg@topsy.com,Bigender,Jeep,Grand Cherokee,Germany
954,Pattie,Felton,pfeltonqh@sun.com,Non-binary,Ford,Taurus,Spain
955,Hoyt,Longson,hlongsonqi@nih.gov,Non-binary,Cadillac,Eldorado,Germany
956,Alix,Borrel,aborrelqj@state.gov,Genderqueer,Ford,Thunderbird,Spain
957,Kassia,Jolin,kjolinqk@dagondesign.com,Polygender,Mitsubishi,Precis,Spain
958,Alyda,Paladini,apaladiniql@1688.com,Non-binary,Mercedes-Benz,W123,Germany
959,Elsy,Pock,epockqm@wix.com,Non-binary,Audi,TT,Germany
960,Appolonia,Nannini,ananniniqn@seattletimes.com,Polygender,Maserati,Spyder,Germany
961,Sunny,Kuscha,skuschaqo@jiathis.com,Agender,Volvo,C70,Germany
962,Solly,Alves,salvesqp@telegraph.co.uk,Polygender,Oldsmobile,Cutlass Supreme,Germany
963,Kaylil,Starbucke,kstarbuckeqq@issuu.com,Polygender,Lexus,GS,Germany
964,Oneida,Cowin,ocowinqr@arstechnica.com,Genderfluid,Chevrolet,Silverado,Spain
965,Callie,Boanas,cboanasqs@fastcompany.com,Genderqueer,Chevrolet,Caprice,Germany
966,Lory,Tyrwhitt,ltyrwhittqt@cdbaby.com,Polygender,Saab,9-7X,Germany
967,Luther,Coulthard,lcoulthardqu@time.com,Bigender,Subaru,Justy,Germany
968,Bobette,Desborough,bdesboroughqv@wordpress.org,Genderfluid,Audi,A4,Spain
969,Aubine,Muehler,amuehlerqw@redcross.org,Polygender,Pontiac,Parisienne,Spain
970,Maryrose,Dacke,mdackeqx@yellowbook.com,Agender,Toyota,Tundra,Spain
971,Gabbie,Lamburne,glamburneqy@wikimedia.org,Male,Lexus,GX,Spain
972,Alfred,Fadian,afadianqz@shinystat.com,Bigender,Dodge,Charger,Germany
973,Avery,Veregan,avereganr0@discuz.net,Bigender,Chrysler,Grand Voyager,Spain
974,Nickolas,Bottle,nbottler1@foxnews.com,Female,Bentley,Continental GTC,Germany
975,Netta,Pietzner,npietznerr2@histats.com,Polygender,Cadillac,STS,Spain
976,Hubie,Attfield,hattfieldr3@addthis.com,Female,Toyota,Yaris,Germany
977,Kimberlyn,Halwill,khalwillr4@webnode.com,Genderqueer,MINI,Cooper,Germany
978,Anita,McTerrelly,amcterrellyr5@theglobeandmail.com,Genderqueer,Saab,9-7X,Germany
979,Adi,McLanaghan,amclanaghanr6@amazon.co.jp,Non-binary,Chevrolet,HHR,Germany
980,King,Marr,kmarrr7@netlog.com,Male,Austin,Mini Cooper,Germany
981,Gretal,Thornham,gthornhamr8@salon.com,Genderqueer,Subaru,Impreza,Germany
982,Sasha,Eggleson,segglesonr9@princeton.edu,Bigender,Mercedes-Benz,SL-Class,Germany
983,Joannes,Kitlee,jkitleera@ow.ly,Genderfluid,Ford,Ranger,Spain
984,Pat,Felstead,pfelsteadrb@yale.edu,Male,GMC,Sonoma,Spain
985,Audre,Schoolfield,aschoolfieldrc@vinaora.com,Polygender,Toyota,Solara,Germany
986,Ephrem,Sandlin,esandlinrd@nih.gov,Genderqueer,Volkswagen,Rabbit,Belgium
987,Lorette,Robertelli,lrobertellire@si.edu,Genderqueer,Isuzu,Space,Spain
988,Nichole,Heyfield,nheyfieldrf@google.com,Female,Ford,Focus ST,Spain
989,Carolina,Allbones,callbonesrg@elpais.com,Male,Pontiac,Torrent,Spain
990,Allina,Nayer,anayerrh@reference.com,Bigender,Cadillac,Fleetwood,Germany
991,Robinetta,Ertel,rertelri@reverbnation.com,Polygender,Buick,LeSabre,Spain
992,Horatio,Caseri,hcaserirj@ft.com,Agender,Mazda,B2000,Belgium
993,Teodora,Ranyelld,tranyelldrk@xrea.com,Female,Kia,Amanti,Germany
994,Estrellita,Avrahamov,eavrahamovrl@twitter.com,Non-binary,Volkswagen,New Beetle,Germany
995,Klement,Cordsen,kcordsenrm@twitpic.com,Genderfluid,Dodge,Ram Wagon B250,Spain
996,Meredeth,Rajchert,mrajchertrn@xing.com,Non-binary,Oldsmobile,Ciera,Germany
997,Jonis,Caldecott,jcaldecottro@hp.com,Male,Ford,F250,Germany
998,Frederica,A'field,fafieldrp@hostgator.com,Non-binary,Lincoln,Continental Mark VII,Spain
999,Noam,Tarbath,ntarbathrq@addthis.com,Non-binary,Saab,9-5,Belgium
1000,Paulie,Early,pearlyrr@elpais.com,Female,Mitsubishi,Mirage,Spain
